file_index,event_id,n_comps,n_hits,n_hits_total,charge,gsf_p_header,gsf_chi2_header,gsf_ndf_header,truth_pt,lcio_pt,gsf_pt,truth_eta,lcio_eta,gsf_eta,truth_phi,lcio_phi,gsf_phi,lcio_d0,gsf_d0,lcio_z0,gsf_z0,truth_p,lcio_p,gsf_p,lcio_chi2,lcio_ndf,gsf_chi2,gsf_ndf,splits,reductions,peak_comps,final_comps,best_weight,mean_weight,weight_ratio,max_tX0,total_tX0,entry_index,primary_tracker_ebrem_count,tracker_cumulative_frac_loss,max_tracker_single_frac_loss,tracker_sum_loss_GeV
1,0,25,233,233,-1,2.19,0.0,458.0,2.0004,2.0008,2.0003,0.0874,0.0875,-0.4347,-0.896,-0.8914,-0.5098,-0.004,-8.3397,-0.0058,11.271,2.008,2.008,2.192,459.9,460,0.0,458,2,1,25,25,0.3397,0.04,8.49,0.0032,0.0201,0,2,0.0013217387993852414,0.0007223422097704102,0.0026531219482421875
1,1,25,233,233,-1,2.18,0.0,458.0,2.0004,2.0022,2.0024,0.0874,0.0871,0.4235,2.401,2.4058,1.9941,0.0025,6.5675,-0.0023,-5.1778,2.008,2.01,2.185,436.0,460,0.0,458,2,1,25,25,0.3397,0.04,8.49,0.0032,0.0201,1,1,0.0006474345894872391,0.0006474345894872391,0.0012981891632080078
1,2,25,233,233,-1,2.11,0.0,458.0,2.0004,1.995,1.9952,0.0874,0.0871,0.3356,-2.1,-2.0956,-3.1411,0.0019,25.4788,0.0066,-4.1092,2.008,2.003,2.109,464.7,460,0.0,458,2,1,25,25,0.3397,0.04,8.49,0.0032,0.0201,2,2,0.011986523011667138,0.009637877873602263,0.02401578426361084
1,4,25,233,233,-1,2.1,0.0,458.0,2.0004,1.9992,1.9988,0.0874,0.0877,-0.3118,-0.8326,-0.8285,-1.8594,-0.0052,14.2005,0.001,4.1505,2.008,2.007,2.097,459.4,460,0.0,458,2,1,25,25,0.3397,0.04,8.49,0.0032,0.0201,4,1,3.6170827680148676e-05,3.6170827680148676e-05,7.2479248046875e-05
1,5,25,233,233,-1,2.24,0.0,458.0,2.0004,1.9234,1.9238,0.0874,0.087,0.5634,-0.8848,-0.8798,-1.0521,0.0045,3.6593,0.0053,-11.007,2.008,1.931,2.237,595.9,460,0.0,458,2,1,25,25,0.3397,0.04,8.49,0.0032,0.0201,5,2,0.04092444024381703,0.04051673566153702,0.0821307897567749
1,6,25,233,233,-1,2.09,0.0,458.0,2.0004,1.975,1.9752,0.0874,0.0881,0.3405,2.4579,2.4618,2.4807,-0.0008,-0.3875,-0.0023,-4.3021,2.008,1.983,2.091,466.4,460,0.0,458,2,1,25,25,0.3397,0.04,8.49,0.0032,0.0201,6,2,0.015159969602083323,0.013473550216668628,0.030414223670959473
1,7,25,233,233,-1,2.06,0.0,458.0,2.0004,2.0004,2.0006,0.0874,0.0879,0.2512,2.131,2.1356,1.8179,-0.0037,6.8035,-0.0031,-3.4449,2.008,2.008,2.064,439.4,460,0.0,458,2,1,25,25,0.3397,0.04,8.49,0.0032,0.0201,7,2,0.007529134301931584,0.0075278363855634245,0.015093207359313965
1,8,25,233,233,-1,2.03,0.0,458.0,2.0004,2.0008,2.0006,0.0874,0.0879,-0.1737,0.4569,0.462,-1.3661,0.0039,55.3707,-0.0015,6.3979,2.008,2.009,2.031,433.8,460,0.0,458,2,1,25,25,0.3397,0.04,8.49,0.0032,0.0201,8,1,0.00024103439411049532,0.00024103439411049532,0.00048351287841796875
1,10,25,234,234,-1,2.03,0.0,460.0,2.0004,2.0017,2.0015,0.0874,0.088,-0.1707,2.9247,2.9304,2.5725,-0.0084,13.9852,0.0004,10.1814,2.008,2.009,2.031,467.5,462,0.0,460,2,1,25,25,0.3397,0.04,8.49,0.0032,0.0217,10,1,3.505385579338771e-05,3.505385579338771e-05,7.033348083496094e-05
1,12,25,233,233,-1,2.01,0.0,458.0,2.0004,1.9658,1.9659,0.0874,0.0874,0.2161,-1.0863,-1.0824,-2.152,-0.0009,20.3122,-0.0006,-0.9844,2.008,1.973,2.012,543.1,460,0.0,458,2,1,25,25,0.3397,0.04,8.49,0.0032,0.0201,12,1,0.015127483688529453,0.015127483688529453,0.03026866912841797
1,13,25,233,233,-1,2.5,0.0,458.0,2.0004,1.9943,1.9949,0.0874,0.0876,0.6971,2.9559,2.9608,2.3119,0.0054,24.7055,0.0033,-23.7525,2.008,2.002,2.5,424.9,460,0.0,458,2,1,25,25,0.3397,0.04,8.49,0.0032,0.0201,13,1,0.0037826258385732503,0.0037826258385732503,0.007589221000671387
1,15,5,232,232,-1,16.63,261.0,456.0,2.0004,2.0036,2.0039,0.0874,0.0877,2.8057,2.3206,2.3251,-0.1337,0.0038,10.4258,-0.0023,107.4326,2.008,2.011,16.633,413.1,458,261.0,456,1,0,5,5,0.6068,0.2,3.03,0.0032,0.0195,15,1,4.7097105668747474e-05,4.7097105668747474e-05,9.441375732421875e-05
1,16,25,234,234,-1,2.82,0.0,460.0,2.0004,1.8118,1.8124,0.0874,0.0877,1.0095,-0.4653,-0.4616,-1.6066,0.0056,15.085,-0.0014,-6.7157,2.008,1.819,2.817,1004.6,462,0.0,460,2,1,25,25,0.3397,0.04,8.49,0.0032,0.0217,16,1,0.09808640906927435,0.09808640906927435,0.19672930240631104
1,18,25,233,233,-1,2.0,0.0,458.0,2.0004,2.0021,2.002,0.0874,0.088,-0.0424,-3.0387,-3.0337,-2.884,0.0067,-6.0287,-0.0055,5.1,2.008,2.01,2.004,572.4,460,0.0,458,2,1,25,25,0.3397,0.04,8.49,0.0032,0.0201,18,1,0.06017817715801044,0.06017817715801044,0.12062060832977295
1,19,25,233,233,-1,2.0,0.0,458.0,2.0004,1.9986,1.9985,0.0874,0.0874,-0.0492,-0.9405,-0.9354,-0.2385,0.0001,-14.4872,-0.0027,2.8165,2.008,2.006,2.001,477.2,460,0.0,458,2,1,25,25,0.3397,0.04,8.49,0.0032,0.0201,19,1,0.011310889630258614,0.011310889630258614,0.022680163383483887
1,20,25,234,234,-1,2.01,0.0,460.0,2.0004,2.0,2.0001,0.0874,0.0877,0.0821,-0.2918,-0.2867,-1.1948,-0.0002,32.189,-0.0057,0.7524,2.008,2.008,2.007,513.3,462,0.0,460,2,1,25,25,0.3397,0.04,8.49,0.0032,0.0205,20,1,0.0008002048600527223,0.0008002048600527223,0.0016047954559326172
1,22,5,232,232,-1,59.27,252.8,456.0,2.0004,1.9966,1.9971,0.0874,0.0871,4.0833,1.5305,1.5355,0.5167,0.0044,-1031.7084,0.0042,-1116.297,2.008,2.004,59.271,404.0,458,252.8,456,1,0,5,5,0.6068,0.2,3.03,0.0032,0.0195,22,1,0.00010868849923628687,0.00010868849923628687,0.0002181529998779297
1,24,5,233,233,-1,41.16,349.3,458.0,2.0004,1.971,1.9708,0.0874,0.088,-3.7317,-1.5867,-1.5795,-2.4803,-0.0044,-1202.5728,0.0006,992.3448,2.008,1.979,41.164,484.6,460,349.3,458,1,0,5,5,0.6068,0.2,3.03,0.0032,0.0199,24,1,0.013678554765011675,0.013678554765011675,0.027448296546936035
1,26,25,234,234,-1,1.91,0.0,460.0,2.0004,1.8554,1.8554,0.0874,0.088,0.2497,-0.55,-0.5448,-1.3968,0.0002,12.4342,0.0006,-1.3037,2.008,1.863,1.914,490.8,462,0.0,460,2,1,25,25,0.3397,0.04,8.49,0.0032,0.0205,26,2,0.07259457680846426,0.06820865978108304,0.14575159549713135
1,29,25,235,235,-1,2.12,0.0,462.0,2.0004,1.9708,1.9704,0.0874,0.0907,-0.3908,-2.6428,-2.6381,2.9404,0.0085,25.4919,0.0039,16.9037,2.008,1.979,2.123,546.6,464,0.0,462,2,1,25,25,0.3397,0.04,8.49,0.0032,0.0221,29,3,0.010606822564125151,0.0060666886777076545,0.02127838134765625
1,30,25,234,234,-1,2.05,0.0,460.0,2.0004,1.9601,1.9602,0.0874,0.0873,0.3002,-0.8095,-0.8044,-0.6473,0.0033,-2.6798,-0.004,-3.5391,2.008,1.968,2.049,407.3,462,0.0,460,2,1,25,25,0.3397,0.04,8.49,0.0032,0.0205,30,1,0.018777358782905207,0.018777358782905207,0.03767812252044678
1,31,25,235,235,-1,2.0,0.0,462.0,2.0004,2.0009,2.0008,0.0874,0.0874,-0.0247,-3.1171,-3.1118,2.5455,0.0029,24.3776,-0.0042,4.4396,2.008,2.009,2.001,445.1,464,0.0,462,2,1,25,25,0.3397,0.04,8.49,0.0032,0.0233,31,1,0.000630149626638099,0.000630149626638099,0.0012631416320800781
1,33,25,233,233,-1,2.16,0.0,458.0,2.0004,1.9966,1.9968,0.0874,0.0873,0.4072,2.5055,2.5109,3.0265,-0.0029,-8.2447,-0.0093,-4.5882,2.008,2.004,2.165,479.2,460,0.0,458,2,1,25,25,0.3397,0.04,8.49,0.0032,0.0201,33,3,0.04748995439731074,0.04702286554666257,0.09517478942871094
1,36,25,233,233,-1,1.97,0.0,458.0,2.0004,1.9694,1.9693,0.0874,0.0871,0.016,-0.6235,-0.6186,-2.0195,0.0033,16.3382,0.0038,1.4135,2.008,1.977,1.97,501.4,460,0.0,458,2,1,25,25,0.3397,0.04,8.49,0.0032,0.0201,36,1,0.014197136581404202,0.014197136581404202,0.028499603271484375
1,37,5,232,232,-1,108.74,255.3,456.0,2.0004,1.9982,1.9974,0.0874,0.0869,4.6902,1.6533,1.659,0.745,-0.0066,461.7885,-0.002,-1698.3065,2.008,2.006,108.741,456.1,458,255.3,456,1,0,5,5,0.6068,0.2,3.03,0.0032,0.0185,37,1,0.00020453754655314071,0.00020453754655314071,0.0004100799560546875
1,44,5,232,232,-1,31.55,327.3,456.0,2.0004,1.9235,1.9223,0.0874,0.0776,-3.4902,2.7097,2.7213,2.9971,0.004,-4.6616,0.0028,262.3487,2.008,1.929,31.547,510.4,458,327.3,456,1,0,5,5,0.6068,0.2,3.03,0.0032,0.0195,44,2,0.03955093842230406,0.03894112760765289,0.07934951782226562
1,45,5,233,233,-1,62.26,357.6,458.0,2.0004,1.998,1.9975,0.0874,0.0877,-4.1323,-0.0331,-0.028,2.8216,-0.0051,-197.0959,-0.0016,121.8591,2.008,2.006,62.258,536.2,460,357.6,458,1,0,5,5,0.6068,0.2,3.03,0.0032,0.0199,45,1,0.0027515432630756953,0.0027515432630756953,0.005518674850463867
1,47,5,232,232,-1,106.67,246.8,456.0,2.0004,2.0015,2.0019,0.0874,0.0871,-4.6687,1.7148,1.7196,1.8717,-0.0064,-696.1257,0.0019,2446.009,2.008,2.009,106.673,420.1,458,246.8,456,1,0,5,5,0.6068,0.2,3.03,0.0032,0.0185,47,1,0.0013630977870573435,0.0013630977870573435,0.002735137939453125
1,48,25,233,233,-1,1.98,0.0,458.0,2.0004,1.9369,1.937,0.0874,0.0878,0.2208,1.3233,1.3282,0.5692,0.0105,29.3703,0.0024,-4.4064,2.008,1.944,1.984,535.5,460,0.0,458,2,1,25,25,0.3397,0.04,8.49,0.0032,0.0201,48,1,0.03339443583737922,0.03339443583737922,0.06699323654174805
1,52,25,233,233,-1,2.03,0.0,458.0,2.0004,1.9989,1.9986,0.0874,0.0875,-0.1808,0.6001,0.6055,-1.2939,-0.0029,59.2425,-0.0062,6.6938,2.008,2.007,2.031,536.0,460,0.0,458,2,1,25,25,0.3397,0.04,8.49,0.0032,0.0201,52,2,0.00021145668678090868,0.0001170757960589075,0.0004241466522216797
1,54,5,233,233,-1,44.15,271.4,458.0,2.0004,2.0016,2.002,0.0874,0.0878,3.7861,2.3365,2.3413,1.9009,0.0028,7.0011,0.0021,-329.1953,2.008,2.009,44.149,446.9,460,271.4,458,1,0,5,5,0.6068,0.2,3.03,0.0032,0.0189,54,1,0.03391315411167806,0.03391315411167806,0.06799983978271484
1,55,25,234,234,-1,2.19,0.0,460.0,2.0004,1.9957,1.9952,0.0874,0.0867,-0.4352,0.4936,0.4988,0.0586,0.0014,16.2274,0.0042,19.5059,2.008,2.003,2.187,450.2,462,0.0,460,2,1,25,25,0.3397,0.04,8.49,0.0032,0.0205,55,2,0.002635871955530278,0.0025519786211781748,0.0052890777587890625
1,58,25,234,234,-1,2.09,0.0,460.0,2.0004,1.9856,1.9852,0.0874,0.0877,-0.3276,-1.4471,-1.4424,-1.9654,0.002,19.7818,0.0022,15.6203,2.008,1.993,2.093,435.8,462,0.0,460,2,1,25,25,0.3397,0.04,8.49,0.0032,0.0217,58,1,0.0018835161391376198,0.0018835161391376198,0.0037801265716552734
1,60,25,234,234,-1,2.4,0.0,460.0,2.0004,2.0045,2.0049,0.0874,0.0875,0.6192,-0.6569,-0.6527,-1.5649,0.0008,13.0867,-0.0029,-5.2429,2.008,2.012,2.402,457.6,462,0.0,460,2,1,25,25,0.3397,0.04,8.49,0.0032,0.0217,60,2,0.010480228965624505,0.007205236695707495,0.021007895469665527
1,62,25,234,234,-1,2.0,0.0,460.0,2.0004,2.0027,2.0026,0.0874,0.0881,-0.0215,-1.5413,-1.5366,-2.1787,-0.001,24.9447,-0.0035,4.3391,2.008,2.01,2.003,531.7,462,0.0,460,2,1,25,25,0.3397,0.04,8.49,0.0032,0.0217,62,1,0.0006045876625364599,0.0006045876625364599,0.0012125968933105469
1,63,25,233,233,-1,2.03,0.0,458.0,2.0004,2.0003,2.0001,0.0874,0.0877,-0.1728,2.2634,2.2675,2.1519,-0.0026,2.4386,-0.0004,5.734,2.008,2.008,2.03,486.7,460,0.0,458,2,1,25,25,0.3397,0.04,8.49,0.0032,0.0201,63,1,0.03377685986969714,0.03377685986969714,0.0677255392074585
1,64,25,233,233,-1,2.23,0.0,458.0,2.0004,1.9968,1.9962,0.0874,0.0851,-0.4756,2.1958,2.1999,1.579,0.002,12.9397,0.0013,11.2394,2.008,2.004,2.226,503.3,460,0.0,458,2,1,25,25,0.3397,0.04,8.49,0.0032,0.0201,64,4,0.024365051613826516,0.01985623110418,0.04884743690490723
1,67,25,233,233,-1,2.07,0.0,458.0,2.0004,1.9692,1.9694,0.0874,0.0876,0.3187,1.1033,1.1085,0.1124,0.0038,24.525,0.0066,-3.984,2.008,1.977,2.07,492.4,460,0.0,458,2,1,25,25,0.3397,0.04,8.49,0.0032,0.0201,67,2,0.015292775363974553,0.011186308314526494,0.030690908432006836
1,68,5,232,232,-1,97.66,206.9,456.0,2.0004,1.9986,1.9982,0.0874,0.0873,-4.5823,1.745,1.7512,-1.3723,0.0014,-475.0985,-0.0005,33.2955,2.008,2.006,97.665,408.2,458,206.9,456,1,0,5,5,0.6068,0.2,3.03,0.0032,0.0185,68,1,0.0013251701804996019,0.0013251701804996019,0.002660036087036133
1,69,25,234,234,-1,2.31,0.0,460.0,2.0004,2.0003,2.0007,0.0874,0.087,0.5493,0.2373,0.2425,-0.4816,-0.0029,26.1263,-0.0011,-16.0324,2.008,2.008,2.31,473.6,462,0.0,460,2,1,25,25,0.3397,0.04,8.49,0.0032,0.0205,69,1,0.00025187946318994126,0.00025187946318994126,0.0005049705505371094
1,71,25,234,234,-1,2.21,0.0,460.0,2.0004,1.9962,1.9965,0.0874,0.0877,0.463,2.626,2.6303,2.2922,0.0042,5.4346,-0.0061,-6.057,2.008,2.004,2.214,469.1,462,0.0,460,2,1,25,25,0.3397,0.04,8.49,0.0032,0.0205,71,1,0.0004026721274866807,0.0004026721274866807,0.0008082389831542969
1,72,25,233,233,-1,2.41,0.0,458.0,2.0004,1.9963,1.9968,0.0874,0.0871,0.6294,-1.0119,-1.0083,-1.0617,0.0002,1.0827,0.0002,-12.8553,2.008,2.004,2.406,461.5,460,0.0,458,2,1,25,25,0.3397,0.04,8.49,0.0032,0.0201,72,1,0.00044805245621926115,0.00044805245621926115,0.0008995532989501953
1,74,25,233,233,-1,2.0,0.0,458.0,2.0004,2.0024,2.0023,0.0874,0.0877,-0.0426,-2.8641,-2.8591,3.1158,0.0014,12.1881,0.0005,5.2348,2.008,2.01,2.004,462.7,460,0.0,458,2,1,25,25,0.3397,0.04,8.49,0.0032,0.0201,74,1,0.004996330737883636,0.004996330737883636,0.010020256042480469
1,75,25,233,233,-1,2.15,0.0,458.0,2.0004,1.9694,1.9697,0.0874,0.0874,0.4235,-2.0741,-2.0693,3.0276,0.0031,28.0211,0.0019,-4.9902,2.008,1.977,2.149,456.0,460,0.0,458,2,1,25,25,0.3397,0.04,8.49,0.0032,0.0201,75,2,0.01563108165200011,0.01556194036805425,0.03135180473327637
1,76,5,73,73,-1,11.88,0.0,138.0,2.0004,1.9466,1.9517,0.0874,0.0873,2.4925,-0.3253,-0.3208,-2.6571,0.0038,-48.5772,-0.0041,-0.317,2.008,1.954,11.88,354.9,140,0.0,138,1,0,5,5,0.5598,0.2,2.8,0.0032,0.0127,76,2,0.08376421492490249,0.0837491843368422,0.16799569129943848
1,77,25,233,233,-1,2.0,0.0,458.0,2.0004,1.9835,1.9835,0.0874,0.0865,0.1451,0.0384,0.0434,0.4866,0.0022,-17.672,0.0058,-2.1379,2.008,1.991,2.004,437.7,460,0.0,458,2,1,25,25,0.3397,0.04,8.49,0.0032,0.0201,77,1,0.009901383061272306,0.009901383061272306,0.019865989685058594
1,78,25,233,233,-1,2.62,0.0,458.0,2.0004,1.9994,1.9985,0.0874,0.0866,-0.7685,2.2496,2.2537,2.1554,0.0069,2.0675,-0.0007,20.4785,2.008,2.007,2.618,462.7,460,0.0,458,2,1,25,25,0.3397,0.04,8.49,0.0032,0.0201,78,2,0.0009580615757832645,0.0008304785694579486,0.0019174814224243164
1,79,25,233,233,-1,2.0,0.0,458.0,2.0004,2.0027,2.0026,0.0874,0.0874,0.04,-1.2545,-1.2496,-2.7669,0.0001,51.7967,-0.0016,2.5406,2.008,2.01,2.004,425.9,460,0.0,458,2,1,25,25,0.3397,0.04,8.49,0.0032,0.0201,79,1,0.0001724957847233366,0.0001724957847233366,0.00034618377685546875
1,80,25,233,233,-1,2.11,0.0,458.0,2.0004,2.0034,2.003,0.0874,0.0886,-0.331,1.2008,1.2048,0.4101,0.0029,29.1565,0.0036,14.6917,2.008,2.011,2.114,523.1,460,0.0,458,2,1,25,25,0.3397,0.04,8.49,0.0032,0.0201,80,1,0.006344868030169426,0.006344868030169426,0.012722253799438477
1,81,25,233,233,-1,1.88,0.0,458.0,2.0004,1.8782,1.8781,0.0874,0.0863,-0.0846,3.085,3.0891,3.0112,0.0057,2.7767,0.002,6.5055,2.008,1.885,1.885,623.7,460,0.0,458,2,1,25,25,0.3397,0.04,8.49,0.0032,0.0201,81,2,0.06150244487405521,0.06149899479728993,0.12335860729217529
1,82,25,233,233,-1,2.06,0.0,458.0,2.0004,1.9996,1.9993,0.0874,0.0886,-0.2464,-2.4057,-2.4007,-2.7241,0.0081,11.9952,-0.0031,12.5595,2.008,2.007,2.06,449.6,460,0.0,458,2,1,25,25,0.3397,0.04,8.49,0.0032,0.0201,82,1,0.03886329455544124,0.03886329455544124,0.07793545722961426
1,85,1,6,6,-1,0.14,2.0,4.0,2.0004,0.144,0.144,0.0874,0.0877,0.0841,-2.3264,-2.3168,-2.3877,0.0025,0.3264,0.0016,0.0625,2.008,0.145,0.145,7.0,6,2.0,4,0,0,1,1,1.0,1.0,1.0,0.000598,0.00259,85,2,0.0025681725457722404,0.002065461387026013,0.00034905970096588135
1,87,25,234,234,-1,2.02,0.0,460.0,2.0004,2.0,2.0001,0.0874,0.0877,0.1557,0.2438,0.2496,-1.3932,-0.0022,51.1449,0.0046,0.2028,2.008,2.008,2.024,473.0,462,0.0,460,2,1,25,25,0.3397,0.04,8.49,0.0032,0.0205,87,1,6.990282674901316e-05,6.990282674901316e-05,0.00014019012451171875
1,88,5,232,232,-1,26.69,240.9,456.0,2.0004,1.9926,1.9928,0.0874,0.087,3.2865,2.238,2.2422,-2.6172,0.0029,-92.2839,-0.0064,-104.0736,2.008,2.0,26.691,433.2,458,240.9,456,1,0,5,5,0.6068,0.2,3.03,0.0032,0.0185,88,3,0.09552922146129761,0.09060054184811328,0.1915034055709839
1,89,25,236,236,-1,22.58,41.4,464.0,2.0004,1.9937,1.9939,0.0874,0.0878,3.1181,1.5034,1.5086,-2.2759,0.0053,-2171.0698,0.0031,-72952.0859,2.008,2.001,22.578,458.2,466,41.4,464,2,27,25,25,0.3682,0.04,9.21,0.0032,0.0249,89,2,0.001824402757139132,0.001805767014552817,0.003657817840576172
1,90,25,233,233,-1,2.03,0.0,458.0,2.0004,1.972,1.9717,0.0874,0.0871,-0.2468,0.5509,0.5563,-0.7563,0.0022,47.0349,0.0048,10.4775,2.008,1.979,2.032,482.4,460,0.0,458,2,1,25,25,0.3397,0.04,8.49,0.0032,0.0201,90,2,0.014419935505477932,0.011660439311054427,0.028929591178894043
1,91,25,234,234,-1,2.08,0.0,460.0,2.0004,2.0027,2.0024,0.0874,0.0877,-0.2838,-0.1669,-0.1624,-0.7462,-0.0005,22.2208,-0.0062,13.9284,2.008,2.01,2.084,521.1,462,0.0,460,2,1,25,25,0.3397,0.04,8.49,0.0032,0.0217,91,1,0.00019386346120398024,0.00019386346120398024,0.00038909912109375
1,92,5,232,232,-1,7.18,271.8,456.0,2.0004,1.9991,1.9989,0.0874,0.0874,-1.9519,0.1913,0.1964,0.2848,0.0008,-3.4623,-0.0028,134.6911,2.008,2.007,7.18,419.9,458,271.8,456,1,0,5,5,0.6068,0.2,3.03,0.0032,0.0195,92,1,0.046438249316423486,0.046438249316423486,0.09310317039489746
1,93,25,234,234,-1,2.01,0.0,460.0,2.0004,1.9978,1.9978,0.0874,0.0871,0.119,0.7568,0.762,-0.1301,0.007,31.6598,0.0009,-0.455,2.008,2.005,2.012,416.1,462,0.0,460,2,1,25,25,0.3397,0.04,8.49,0.0032,0.0205,93,1,0.00011843478395157092,0.00011843478395157092,0.0002377033233642578
1,94,5,232,232,-1,22.9,247.4,456.0,2.0004,1.8361,1.834,0.0874,0.0881,-3.2162,2.1466,2.1506,2.2605,0.006,-309.0186,0.0022,311.0034,2.008,1.843,22.9,702.9,458,247.4,456,1,0,5,5,0.6068,0.2,3.03,0.0032,0.0185,94,1,0.08354739017761237,0.08354739017761237,0.16767120361328125
1,97,25,233,233,-1,1.84,0.0,458.0,2.0004,1.8354,1.8354,0.0874,0.0873,0.0765,2.1117,2.1164,1.5433,0.0056,12.0169,0.0058,0.4439,2.008,1.842,1.841,444.1,460,0.0,458,2,1,25,25,0.3397,0.04,8.49,0.0032,0.0201,97,2,0.09175142310422824,0.0832617803970297,0.18412625789642334
1,98,25,233,233,-1,2.27,0.0,458.0,2.0004,1.9991,1.9985,0.0874,0.0874,-0.5133,-1.8074,-1.8033,2.1108,0.0024,67.7937,0.0005,10.0602,2.008,2.007,2.268,551.5,460,0.0,458,2,1,25,25,0.3397,0.04,8.49,0.0032,0.0201,98,1,0.0004693997004964201,0.0004693997004964201,0.000942230224609375
2,0,25,233,233,-1,2.03,0.0,458.0,2.0004,2.0007,2.0004,0.0874,0.0873,-0.1631,-1.8874,-1.8823,-1.3776,-0.0015,-18.9441,-0.006,9.2133,2.008,2.008,2.027,454.7,460,0.0,458,2,1,25,25,0.3397,0.04,8.49,0.0032,0.0201,0,3,0.004117034545685128,0.004079294651918031,0.008248090744018555
2,3,25,233,233,-1,2.05,0.0,458.0,2.0004,1.9828,1.9829,0.0874,0.0876,0.257,-0.8835,-0.8784,-1.3412,0.0016,9.8252,0.0015,-3.3286,2.008,1.99,2.049,414.4,460,0.0,458,2,1,25,25,0.3397,0.04,8.49,0.0032,0.0201,3,4,0.02985055567904904,0.017061418787661098,0.05969405174255371
2,4,25,233,233,-1,2.03,0.0,458.0,2.0004,1.9994,1.9995,0.0874,0.0869,0.1615,-1.2308,-1.2253,-2.5866,-0.001,47.3256,-0.0047,-0.8041,2.008,2.007,2.026,465.9,460,0.0,458,2,1,25,25,0.3397,0.04,8.49,0.0032,0.0201,4,1,0.0015975299527947184,0.0015975299527947184,0.0032029151916503906
2,5,5,232,232,-1,28.72,384.4,456.0,2.0004,1.8911,1.8903,0.0874,0.0878,3.4129,2.8193,2.8228,0.8567,0.0048,-255.3078,-0.0071,-96.0052,2.008,1.898,28.718,568.6,458,384.4,456,1,0,5,5,0.6068,0.2,3.03,0.0032,0.0195,5,2,0.05218765827783878,0.052180737360565166,0.10472643375396729
2,7,25,233,233,-1,1.89,0.0,458.0,2.0004,1.8521,1.8522,0.0874,0.0878,0.2129,-2.6871,-2.6827,-3.0484,-0.0051,13.6093,0.0035,-4.5765,2.008,1.859,1.894,442.3,460,0.0,458,2,1,25,25,0.3397,0.04,8.49,0.0032,0.0201,7,1,0.07387627697350285,0.07387627697350285,0.14832627773284912
2,8,25,233,233,-1,6.27,0.0,458.0,2.0004,1.8885,1.8909,0.0874,0.0867,1.8682,1.8989,1.9038,-0.9956,0.0021,70.7763,0.0107,-20.1058,2.008,1.896,6.269,493.6,460,0.0,458,2,1,25,25,0.3397,0.04,8.49,0.0032,0.0201,8,2,0.06205127546324196,0.05191396878323973,0.12440574169158936
2,9,25,233,233,-1,2.47,0.0,458.0,2.0004,1.9937,1.9943,0.0874,0.0872,0.6787,3.0037,3.0095,2.8718,0.0012,5.1089,-0.0043,-24.9353,2.008,2.001,2.472,450.3,460,0.0,458,2,1,25,25,0.3397,0.04,8.49,0.0032,0.0201,9,1,0.0011995801826024666,0.0011995801826024666,0.0024056434631347656
2,10,25,233,233,-1,7.82,0.0,458.0,2.0004,1.9415,1.9448,0.0874,0.0874,2.0689,0.2135,0.218,-2.5487,-0.0041,65.0634,0.0019,-21.2788,2.008,1.949,7.821,769.4,460,0.0,458,2,1,25,25,0.3397,0.04,8.49,0.0032,0.0201,10,3,0.05046443173482207,0.03227095707767447,0.10122406482696533
2,11,25,233,233,-1,2.45,0.0,458.0,2.0004,1.9222,1.9227,0.0874,0.0875,0.7274,-2.2645,-2.2606,3.0727,0.0128,23.5848,-0.0009,-13.7221,2.008,1.93,2.454,579.4,460,0.0,458,2,1,25,25,0.3397,0.04,8.49,0.0032,0.0201,11,1,0.04115678066296968,0.04115678066296968,0.0825800895690918
2,12,25,235,235,-1,2.01,0.0,462.0,2.0004,2.0034,2.0034,0.0874,0.0874,0.1014,-2.1312,-2.1278,-2.7241,0.0073,15.6005,-0.0034,-0.0906,2.008,2.011,2.014,463.3,464,0.0,462,2,1,25,25,0.3397,0.04,8.49,0.0032,0.0233,12,1,8.679307781256362e-06,8.679307781256362e-06,1.7404556274414062e-05
2,18,5,232,232,-1,59.1,367.1,456.0,2.0004,2.0038,2.0039,0.0874,0.088,-4.077,-1.3817,-1.3764,2.4204,-0.0035,-2209.2292,-0.003,-83151.0547,2.008,2.012,59.098,556.9,458,367.1,456,1,0,5,5,0.6068,0.2,3.03,0.0032,0.0195,18,1,0.0006721936183929911,0.0006721936183929911,0.0013480186462402344
2,20,25,233,233,-1,2.07,0.0,458.0,2.0004,1.9995,1.9992,0.0874,0.0878,-0.2595,-0.2491,-0.2447,-2.8528,-0.0023,70.8494,-0.0014,6.2181,2.008,2.007,2.067,519.6,460,0.0,458,2,1,25,25,0.3397,0.04,8.49,0.0032,0.0201,20,1,8.543474282840524e-05,8.543474282840524e-05,0.00017142295837402344
2,21,5,233,233,-1,28.54,277.8,458.0,2.0004,1.9905,1.9897,0.0874,0.087,-3.3554,3.1218,3.1266,2.038,0.0018,-755.6946,0.0018,474.0187,2.008,1.998,28.544,428.4,460,277.8,458,1,0,5,5,0.6068,0.2,3.03,0.0032,0.0189,21,2,0.018775920169265436,0.013390387600310083,0.03765261173248291
2,23,5,232,232,-1,86.83,325.3,456.0,2.0004,2.0002,2.0004,0.0874,0.0871,-4.4636,-1.7296,-1.725,-0.7076,-0.0069,388.4117,0.0032,1301.9164,2.008,2.008,86.826,484.7,458,325.3,456,1,0,5,5,0.6068,0.2,3.03,0.0032,0.0195,23,1,0.0012069364205808952,0.0012069364205808952,0.0024216175079345703
2,27,5,233,233,-1,11.6,329.8,458.0,2.0004,1.9798,1.9794,0.0874,0.0875,-2.4542,3.1147,3.1194,-1.006,0.0058,-191.6954,-0.0039,67.5869,2.008,1.987,11.602,484.9,460,329.8,458,1,0,5,5,0.6068,0.2,3.03,0.0032,0.0199,27,1,0.010853865195161738,0.010853865195161738,0.0217820405960083
2,28,25,233,233,-1,2.01,0.0,458.0,2.0004,2.0025,2.0025,0.0874,0.0876,0.0864,2.8036,2.8087,2.827,-0.0013,-0.3898,-0.0007,0.0178,2.008,2.01,2.01,468.3,460,0.0,458,2,1,25,25,0.3397,0.04,8.49,0.0032,0.0201,28,2,0.0021723212558377725,0.0011830605510171344,0.00435638427734375
2,29,25,233,233,-1,2.39,0.0,458.0,2.0004,1.9873,1.9878,0.0874,0.0873,0.6273,-2.7557,-2.7509,2.9136,-0.0032,23.2281,-0.0017,-20.4938,2.008,1.995,2.392,492.3,460,0.0,458,2,1,25,25,0.3397,0.04,8.49,0.0032,0.0201,29,1,0.001961551281700502,0.001961551281700502,0.003922224044799805
2,30,5,233,233,-1,39.31,286.3,458.0,2.0004,1.994,1.9943,0.0874,0.0874,3.6737,1.5779,1.5856,0.6192,0.0064,-208.5886,-0.0041,-657.4146,2.008,2.002,39.312,393.3,460,286.3,458,1,0,5,5,0.6068,0.2,3.03,0.0032,0.0199,30,1,0.0010283404005237973,0.0010283404005237973,0.002062559127807617
2,32,25,234,234,-1,2.95,0.0,460.0,2.0004,2.0012,2.0022,0.0874,0.0869,0.9381,-2.3776,-2.3728,-2.1708,0.005,-7.7987,-0.0044,-37.1469,2.008,2.009,2.95,502.4,462,0.0,460,2,1,25,25,0.3397,0.04,8.49,0.0032,0.0205,32,1,0.001301076434762849,0.001301076434762849,0.0026090145111083984
2,34,25,233,233,-1,2.07,0.0,458.0,2.0004,2.0013,2.0015,0.0874,0.087,0.2691,1.0466,1.0525,0.2735,-0.0003,19.8907,0.0018,-3.7386,2.008,2.009,2.074,504.9,460,0.0,458,2,1,25,25,0.3397,0.04,8.49,0.0032,0.0201,34,1,5.778411474255396e-05,5.778411474255396e-05,0.00011587142944335938
2,35,25,233,233,-1,2.01,0.0,458.0,2.0004,1.9889,1.9887,0.0874,0.087,-0.1565,0.8394,0.8451,-0.7748,-0.0026,33.9085,0.0041,3.9518,2.008,1.996,2.013,454.9,460,0.0,458,2,1,25,25,0.3397,0.04,8.49,0.0032,0.0201,35,1,0.004935481557372223,0.004935481557372223,0.009909629821777344
2,40,25,234,234,-1,2.16,0.0,460.0,2.0004,1.9876,1.9879,0.0874,0.0878,0.4084,-1.4955,-1.491,-1.8585,-0.0065,14.192,0.0032,-12.6292,2.008,1.995,2.156,485.8,462,0.0,460,2,1,25,25,0.3397,0.04,8.49,0.0032,0.0217,40,1,0.007885648523987099,0.007885648523987099,0.015810728073120117
2,42,25,233,233,-1,2.17,0.0,458.0,2.0004,1.9987,1.999,0.0874,0.0884,0.4104,2.6364,2.6413,2.6162,0.003,0.3402,-0.0017,-5.5475,2.008,2.007,2.17,483.4,460,0.0,458,2,1,25,25,0.3397,0.04,8.49,0.0032,0.0201,42,1,0.0004337798418194705,0.0004337798418194705,0.0008704662322998047
2,44,5,233,233,-1,2.07,567.9,458.0,2.0004,1.9757,1.9742,0.0874,0.0875,0.3063,2.0983,2.1026,-1.2807,-0.0008,797.939,-0.0008,3.9129,2.008,1.983,2.068,667.8,460,567.9,458,1,0,5,5,0.6068,0.2,3.03,0.0016,0.0173,44,2,0.06871914800698553,0.06269651438953316,0.13782358169555664
2,49,25,234,234,-1,2.0,0.0,460.0,2.0004,1.9943,1.9942,0.0874,0.0873,-0.0622,-0.3546,-0.349,-1.0122,-0.0009,10.1482,-0.0021,2.2649,2.008,2.002,1.998,474.4,462,0.0,460,2,1,25,25,0.3397,0.04,8.49,0.0032,0.0217,49,1,0.0029517958378376674,0.0029517958378376674,0.005917668342590332
2,51,25,234,234,-1,1.98,0.0,460.0,2.0004,1.9828,1.9828,0.0874,0.0871,0.0011,-2.6127,-2.6076,2.6727,0.0016,37.8916,0.0029,3.5178,2.008,1.99,1.983,496.4,462,0.0,460,2,1,25,25,0.3397,0.04,8.49,0.0032,0.0205,51,3,0.009137675848494453,0.006429059369724599,0.01833939552307129
2,54,5,232,232,-1,8.36,343.0,456.0,2.0004,1.8574,1.8539,0.0874,0.0875,-2.1867,1.8522,1.8586,0.2357,0.0207,178.9558,0.006,28555.5898,2.008,1.865,8.359,1097.2,458,343.0,456,1,0,5,5,0.6068,0.2,3.03,0.0032,0.0195,54,1,0.07820889048653179,0.07820889048653179,0.156913161277771
2,65,5,232,232,-1,28.78,266.3,456.0,2.0004,1.956,1.9557,0.0874,0.0876,3.3808,1.5275,1.5321,2.2583,-0.0032,-293.8991,-0.0007,-518.3632,2.008,1.964,28.775,411.1,458,266.3,456,1,0,5,5,0.6068,0.2,3.03,0.0032,0.0195,65,3,0.022996640778519595,0.022913535976155863,0.04615068435668945
2,70,25,233,233,-1,1.99,0.0,458.0,2.0004,1.8936,1.8938,0.0874,0.0886,0.3098,-1.7605,-1.7558,-2.8174,0.002,38.7575,0.0037,-6.2585,2.008,1.901,1.985,467.1,460,0.0,458,2,1,25,25,0.3397,0.04,8.49,0.0032,0.0201,70,1,0.05282782987270762,0.05282782987270762,0.10604691505432129
2,71,25,233,233,-1,2.09,0.0,458.0,2.0004,1.9956,1.9958,0.0874,0.0869,0.3062,-2.7306,-2.7253,-2.753,-0.0077,0.8643,-0.0,-8.6222,2.008,2.003,2.09,472.4,460,0.0,458,2,1,25,25,0.3397,0.04,8.49,0.0032,0.0201,71,1,0.0015466100737621113,0.0015466100737621113,0.0031011104583740234
2,73,25,233,233,-1,2.39,0.0,458.0,2.0004,1.9881,1.9886,0.0874,0.0871,0.6282,1.4637,1.4688,-0.5601,0.0007,59.37,0.0006,-6.5079,2.008,1.996,2.394,554.1,460,0.0,458,2,1,25,25,0.3397,0.04,8.49,0.0032,0.0201,73,1,0.006674613115489447,0.006674613115489447,0.013396024703979492
2,74,25,234,234,-1,2.03,0.0,460.0,2.0004,2.0006,2.0003,0.0874,0.0875,-0.1802,0.2182,0.2231,-0.2181,0.0025,16.2991,-0.0028,9.8814,2.008,2.008,2.033,461.7,462,0.0,460,2,1,25,25,0.3397,0.04,8.49,0.0032,0.0217,74,1,1.8058360343631286e-05,1.8058360343631286e-05,3.62396240234375e-05
2,75,25,233,233,-1,2.44,0.0,458.0,2.0004,2.0033,2.0039,0.0874,0.088,0.6515,-3.0793,-3.0745,2.0745,0.0024,41.1434,-0.0041,-17.5023,2.008,2.011,2.445,434.6,460,0.0,458,2,1,25,25,0.3397,0.04,8.49,0.0032,0.0201,75,1,0.00010592432870459856,0.00010592432870459856,0.00021266937255859375
2,79,25,234,234,-1,2.0,0.0,460.0,2.0004,2.0019,2.0019,0.0874,0.0876,-0.0207,-0.9258,-0.9213,-1.5703,-0.0016,13.4752,0.0025,2.3226,2.008,2.01,2.002,434.1,462,0.0,460,2,1,25,25,0.3397,0.04,8.49,0.0032,0.0217,79,2,0.0015798652633434163,0.0015641752175743484,0.0031692981719970703
2,83,25,234,234,-1,1.98,0.0,460.0,2.0004,1.973,1.973,0.0874,0.0873,0.053,-0.0685,-0.0628,-0.6477,-0.0007,21.5676,0.0039,1.4738,2.008,1.981,1.976,465.7,462,0.0,460,2,1,25,25,0.3397,0.04,8.49,0.0032,0.0217,83,2,0.012269735759033895,0.012261946972523585,0.024602651596069336
2,89,25,233,233,-1,2.06,0.0,458.0,2.0004,1.9993,1.9995,0.0874,0.0884,0.2545,2.9655,2.9709,2.4399,-0.0071,20.3129,-0.0002,-6.0468,2.008,2.007,2.065,462.1,460,0.0,458,2,1,25,25,0.3397,0.04,8.49,0.0032,0.0201,89,1,0.0024145141439715356,0.0024145141439715356,0.004842042922973633
2,94,5,232,232,-1,32.18,273.8,456.0,2.0004,1.9983,1.9978,0.0874,0.0869,-3.4716,-2.3621,-2.3545,2.6262,-0.004,-1184.4672,0.0013,526.9261,2.008,2.006,32.183,426.1,458,273.8,456,1,0,5,5,0.6068,0.2,3.03,0.0032,0.0195,94,1,0.0003844899280381897,0.0003844899280381897,0.0007719993591308594
2,95,25,233,233,-1,2.55,0.0,458.0,2.0004,2.0009,2.0016,0.0874,0.0881,0.7241,-1.7176,-1.7132,-1.7201,0.0031,0.0545,0.0071,-27.3374,2.008,2.009,2.55,502.6,460,0.0,458,2,1,25,25,0.3397,0.04,8.49,0.0032,0.0201,95,1,0.013604990519439641,0.013604990519439641,0.02728569507598877
2,98,25,233,233,-1,2.35,0.0,458.0,2.0004,1.998,1.9974,0.0874,0.0877,-0.582,-1.8738,-1.8692,1.8598,0.0027,63.5916,-0.0036,8.1525,2.008,2.006,2.345,552.7,460,0.0,458,2,1,25,25,0.3397,0.04,8.49,0.0032,0.0201,98,1,0.0008741435258381447,0.0008741435258381447,0.0017545223236083984
3,1,25,233,233,-1,2.07,0.0,458.0,2.0004,1.9992,1.9994,0.0874,0.0857,0.2575,1.7226,1.7234,1.2263,0.0007,18.7041,-0.0023,-6.1614,2.008,2.007,2.066,428.4,460,0.0,458,2,1,25,25,0.3397,0.04,8.49,0.0032,0.0201,1,2,0.002762715729791143,0.0026580196232222075,0.005541801452636719
3,4,25,233,233,-1,2.09,0.0,458.0,2.0004,2.0077,2.0074,0.0874,0.0872,-0.2801,-1.5084,-1.5032,-2.666,-0.003,42.0241,-0.0019,11.8839,2.008,2.015,2.087,464.2,460,0.0,458,2,1,25,25,0.3397,0.04,8.49,0.0032,0.0201,4,1,2.1751750481024956e-05,2.1751750481024956e-05,4.363059997558594e-05
3,7,25,235,235,-1,2.02,0.0,462.0,2.0004,1.9706,1.9703,0.0874,0.0881,-0.2147,-0.5578,-0.5528,-1.2653,0.0066,10.7838,-0.0007,4.1631,2.008,1.978,2.016,463.3,464,0.0,462,2,1,25,25,0.3397,0.04,8.49,0.0032,0.0221,7,1,0.016296647123771546,0.016296647123771546,0.0326918363571167
3,8,5,233,233,-1,11.24,290.8,458.0,2.0004,1.9715,1.9713,0.0874,0.0873,-2.4263,-2.9079,-2.9031,-0.6349,-0.0019,-988.9259,-0.0046,13.7128,2.008,1.979,11.241,435.2,460,290.8,458,1,0,5,5,0.6068,0.2,3.03,0.0032,0.0199,8,1,0.01550579853179146,0.01550579853179146,0.031131386756896973
3,10,25,233,233,-1,1.99,0.0,458.0,2.0004,1.9356,1.9353,0.0874,0.0873,-0.2283,0.3343,0.3387,-0.7552,0.0018,39.7846,-0.0052,10.5081,2.008,1.943,1.986,451.9,460,0.0,458,2,1,25,25,0.3397,0.04,8.49,0.0032,0.0201,10,1,1.2187932752372177e-05,1.2187932752372177e-05,2.3603439331054688e-05
3,11,25,233,233,-1,2.08,0.0,458.0,2.0004,2.0005,2.0007,0.0874,0.0869,0.277,-1.0929,-1.0872,-2.1297,0.0009,19.9394,0.0044,-1.938,2.008,2.008,2.078,454.8,460,0.0,458,2,1,25,25,0.3397,0.04,8.49,0.0032,0.0201,11,1,0.0014546898273404274,0.0014546898273404274,0.002919435501098633
3,12,5,232,232,-1,78.1,333.5,456.0,2.0004,1.9989,1.9983,0.0874,0.0872,4.3587,-0.8741,-0.8687,0.2022,-0.0024,-88.6263,0.0015,-530.527,2.008,2.007,78.104,470.4,458,333.5,456,1,0,5,5,0.6068,0.2,3.03,0.0016,0.0169,12,1,6.440919948758062e-05,6.440919948758062e-05,0.00012922286987304688
3,13,25,234,234,-1,2.51,0.0,460.0,2.0004,1.8425,1.8432,0.0874,0.0864,0.8265,-2.4449,-2.441,-3.1331,0.0159,25.4539,-0.0016,-28.4488,2.008,1.849,2.509,592.3,462,0.0,460,2,1,25,25,0.3397,0.04,8.49,0.0032,0.0217,13,2,0.08089495435813976,0.07802468100452598,0.1623600721359253
3,15,5,231,231,-1,35.45,245.5,454.0,2.0004,1.9461,1.9447,0.0874,0.0874,3.5953,1.2405,1.2509,-3.0834,0.0021,475.6583,0.0051,-62.1087,2.008,1.954,35.446,427.2,456,245.5,454,1,0,5,5,0.6068,0.2,3.03,0.0032,0.0189,15,1,0.028316378754274174,0.028316378754274174,0.05682110786437988
3,17,5,232,232,-1,44.54,406.1,456.0,2.0004,1.9198,1.9143,0.0874,0.0874,3.8398,-2.3101,-2.3055,-1.5175,0.0058,-423.1165,-0.0027,-583.3893,2.008,1.927,44.544,780.8,458,406.1,456,1,0,5,5,0.6068,0.2,3.03,0.0016,0.0169,17,1,0.05026085321365148,0.05026085321365148,0.10081362724304199
3,21,1,22,22,-1,2.0,24.9,36.0,2.0004,1.9896,1.9896,0.0874,0.0873,0.0875,1.5436,1.5512,1.544,-0.0016,-0.0106,-0.0006,-0.0064,2.008,1.997,1.997,26.0,38,24.9,36,0,0,1,1,1.0,1.0,1.0,0.0016,0.00728,21,1,0.0742346112543657,0.0742346112543657,0.14891040325164795
3,22,25,233,233,-1,2.0,0.0,458.0,2.0004,2.0013,2.0012,0.0874,0.087,0.0369,-0.6494,-0.6439,-1.1627,0.0068,8.1538,0.0062,0.9216,2.008,2.009,2.003,414.0,460,0.0,458,2,1,25,25,0.3397,0.04,8.49,0.0032,0.0201,22,1,0.0001277762234573876,0.0001277762234573876,0.00025653839111328125
3,25,25,234,234,-1,2.0,0.0,460.0,2.0004,2.0008,2.0006,0.0874,0.087,-0.0592,0.6388,0.6436,-0.2396,-0.0053,32.4791,0.0029,5.3652,2.008,2.008,2.004,438.8,462,0.0,460,2,1,25,25,0.3397,0.04,8.49,0.0032,0.0217,25,1,0.0037309358863474307,0.0037309358863474307,0.007479071617126465
3,26,25,233,233,-1,2.13,0.0,458.0,2.0004,1.9693,1.9689,0.0874,0.0867,-0.3982,1.1951,1.2,0.2656,-0.0014,33.7911,0.0009,16.3633,2.008,1.977,2.127,488.8,460,0.0,458,2,1,25,25,0.3397,0.04,8.49,0.0032,0.0201,26,1,0.0031204469885481867,0.0031204469885481867,0.006174564361572266
3,27,25,233,233,-1,2.05,0.0,458.0,2.0004,1.825,1.8253,0.0874,0.0857,0.4907,1.4934,1.4977,0.7366,0.0122,27.7283,0.0,-13.8165,2.008,1.832,2.049,648.2,460,0.0,458,2,1,25,25,0.3397,0.04,8.49,0.0032,0.0201,27,1,0.08894054577261079,0.08894054577261079,0.17850303649902344
3,28,25,235,235,-1,2.15,0.0,462.0,2.0004,1.9965,1.9961,0.0874,0.0873,-0.3882,-0.0694,-0.0647,-1.0539,-0.0031,35.0672,0.0021,15.5041,2.008,2.004,2.148,479.7,464,0.0,462,2,1,25,25,0.3397,0.04,8.49,0.0032,0.0233,28,1,0.0006573744128591796,0.0006573744128591796,0.0013194084167480469
3,29,25,233,233,-1,2.07,0.0,458.0,2.0004,1.9975,1.9972,0.0874,0.0865,-0.2638,-1.1132,-1.1087,-1.5573,0.0026,9.5312,-0.0021,7.3564,2.008,2.005,2.067,485.5,460,0.0,458,2,1,25,25,0.3397,0.04,8.49,0.0032,0.0201,29,1,0.0026683428221079275,0.0026683428221079275,0.005354166030883789
3,30,25,234,234,-1,2.1,0.0,460.0,2.0004,1.9994,1.9997,0.0874,0.0875,0.3131,1.109,1.1141,0.568,0.0032,14.338,-0.0025,-5.5176,2.008,2.007,2.098,391.2,462,0.0,460,2,1,25,25,0.3397,0.04,8.49,0.0032,0.0217,30,1,6.111646705919682e-05,6.111646705919682e-05,0.00012254714965820312
3,31,25,234,234,-1,2.05,0.0,460.0,2.0004,1.9983,1.998,0.0874,0.0868,-0.232,-1.5429,-1.5377,-2.3459,0.0007,30.9667,0.0004,11.7071,2.008,2.006,2.052,456.4,462,0.0,460,2,1,25,25,0.3397,0.04,8.49,0.0032,0.0217,31,1,0.0016667501862566159,0.0016667501862566159,0.0033464431762695312
3,35,25,234,234,-1,2.31,0.0,460.0,2.0004,1.9544,1.9549,0.0874,0.0871,0.5943,1.2054,1.2108,0.3131,0.0041,32.4652,-0.0003,-16.8873,2.008,1.962,2.31,464.5,462,0.0,460,2,1,25,25,0.3397,0.04,8.49,0.0032,0.0217,35,1,0.023391429149963505,0.023391429149963505,0.046959519386291504
3,38,5,232,232,-1,13.45,258.6,456.0,2.0004,1.9334,1.9332,0.0874,0.0872,2.6279,-1.7077,-1.703,-0.3115,0.0,-1863.1808,0.0027,-294.697,2.008,1.941,13.452,564.8,458,258.6,456,1,0,5,5,0.6068,0.2,3.03,0.0032,0.0185,38,1,0.036702438607080556,0.036702438607080556,0.07364702224731445
3,39,5,232,232,-1,39.1,292.2,456.0,2.0004,2.0006,2.0,0.0874,0.0877,3.6655,0.6544,0.6594,-0.081,-0.0071,862.4803,-0.0018,-602.8841,2.008,2.008,39.1,475.9,458,292.2,456,1,0,5,5,0.6068,0.2,3.03,0.0032,0.0195,39,1,4.51689920577536e-06,4.51689920577536e-06,9.059906005859375e-06
3,42,25,233,233,-1,2.07,0.0,458.0,2.0004,1.999,1.9992,0.0874,0.0872,0.2597,2.9588,2.964,2.9585,-0.0024,0.0202,0.0068,-6.9144,2.008,2.007,2.067,479.9,460,0.0,458,2,1,25,25,0.3397,0.04,8.49,0.0032,0.0201,42,1,0.000855018888263559,0.000855018888263559,0.0017125606536865234
3,43,25,233,233,-1,2.07,0.0,458.0,2.0004,2.0019,2.0021,0.0874,0.0876,0.2562,1.0929,1.0975,0.2954,-0.0021,20.4135,-0.0015,-3.3496,2.008,2.01,2.068,436.0,460,0.0,458,2,1,25,25,0.3397,0.04,8.49,0.0032,0.0201,43,1,2.9367929626378242e-05,2.9367929626378242e-05,5.888938903808594e-05
3,44,25,234,234,-1,1.99,0.0,460.0,2.0004,1.9881,1.9881,0.0874,0.0884,0.0772,1.2137,1.2193,0.5063,-0.0028,26.2357,-0.0006,0.7513,2.008,1.996,1.994,482.8,462,0.0,460,2,1,25,25,0.3397,0.04,8.49,0.0032,0.0217,44,1,0.004972841157918295,0.004972841157918295,0.00997471809387207
3,45,25,233,233,-1,2.1,0.0,458.0,2.0004,1.9918,1.9915,0.0874,0.0871,-0.3278,-0.1569,-0.1516,-0.6668,-0.0003,19.6058,0.0006,15.7319,2.008,1.999,2.099,565.6,460,0.0,458,2,1,25,25,0.3397,0.04,8.49,0.0032,0.0201,45,1,0.000854699940925352,0.000854699940925352,0.0017154216766357422
3,48,25,234,234,-1,2.09,0.0,460.0,2.0004,1.9323,1.9317,0.0874,0.0868,-0.4017,-2.3565,-2.3521,-2.7106,-0.0041,14.2413,0.0025,19.8196,2.008,1.94,2.09,430.8,462,0.0,460,2,1,25,25,0.3397,0.04,8.49,0.0032,0.0217,48,4,0.03668008395832745,0.029422613497148142,0.07362627983093262
3,49,25,233,233,-1,2.0,0.0,458.0,2.0004,1.9989,1.9988,0.0874,0.0877,-0.0512,-3.0774,-3.0722,-2.2425,-0.0057,-31.4529,0.0053,5.2338,2.008,2.007,2.001,453.9,460,0.0,458,2,1,25,25,0.3397,0.04,8.49,0.0032,0.0201,49,2,0.0006429675881789443,0.0006403521972746518,0.0012896060943603516
3,50,25,233,233,-1,3.11,0.0,458.0,2.0004,1.9896,1.9906,0.0874,0.0879,1.0144,2.2434,2.2482,1.6902,-0.0037,11.7227,-0.0,-21.4177,2.008,1.997,3.106,496.8,460,0.0,458,2,1,25,25,0.3397,0.04,8.49,0.0032,0.0201,50,1,0.0035308731493643997,0.0035308731493643997,0.0070819854736328125
3,53,25,233,233,-1,3.4,0.0,458.0,2.0004,1.9982,1.9993,0.0874,0.0884,1.1221,-0.7339,-0.7287,-1.0239,0.0011,4.7385,0.0034,-20.337,2.008,2.006,3.396,489.0,460,0.0,458,2,1,25,25,0.3397,0.04,8.49,0.0032,0.0201,53,2,0.010225368396099999,0.00915858546857673,0.020500779151916504
3,54,25,233,233,-1,3.73,0.0,458.0,2.0004,1.9882,1.9895,0.0874,0.0869,1.2399,0.1533,0.1577,-0.6091,-0.0036,28.1546,0.0032,-50.1583,2.008,1.996,3.725,448.1,460,0.0,458,2,1,25,25,0.3397,0.04,8.49,0.0032,0.0201,54,1,0.005959014742622948,0.005959014742622948,0.011950016021728516
3,55,25,233,233,-1,2.25,0.0,458.0,2.0004,1.8982,1.8987,0.0874,0.0876,0.5989,-0.1468,-0.1422,-1.4345,0.0083,44.8156,-0.0084,-13.6654,2.008,1.906,2.249,735.6,460,0.0,458,2,1,25,25,0.3397,0.04,8.49,0.0032,0.0201,55,2,0.05490536692396786,0.05459252843173246,0.11014997959136963
3,56,25,233,233,-1,2.03,0.0,458.0,2.0004,2.0039,2.0038,0.0874,0.0884,-0.1533,-0.3116,-0.3062,-1.924,-0.0044,51.0998,0.0033,6.5277,2.008,2.012,2.027,455.9,460,0.0,458,2,1,25,25,0.3397,0.04,8.49,0.0032,0.0201,56,1,0.00031006498524577264,0.00031006498524577264,0.000621795654296875
3,61,25,233,233,-1,2.0,0.0,458.0,2.0004,2.0005,2.0005,0.0874,0.0869,0.0441,-2.3086,-2.3036,-2.3328,0.0036,0.6531,0.0027,1.1733,2.008,2.008,2.002,437.1,460,0.0,458,2,1,25,25,0.3397,0.04,8.49,0.0032,0.0201,61,1,5.764378588701824e-05,5.764378588701824e-05,0.00011563301086425781
3,62,25,234,234,-1,2.03,0.0,460.0,2.0004,1.8978,1.8981,0.0874,0.088,0.3682,-2.0369,-2.0317,-2.728,-0.0009,17.9681,-0.0018,-6.412,2.008,1.905,2.028,526.6,462,0.0,460,2,1,25,25,0.3397,0.04,8.49,0.0032,0.0217,62,2,0.09462619567571362,0.09457980796999543,0.1798412799835205
3,63,5,232,232,-1,11.0,345.0,456.0,2.0004,1.9647,1.964,0.0874,0.0871,2.408,-2.3935,-2.3887,2.5019,-0.0015,-1951.9069,0.0019,-279.641,2.008,1.972,11.0,511.8,458,345.0,456,1,0,5,5,0.6068,0.2,3.03,0.0032,0.0195,63,1,0.016934890843234074,0.016934890843234074,0.03398728370666504
3,66,5,231,231,-1,6.97,242.2,454.0,2.0004,2.0031,2.0024,0.0874,0.0868,-1.9196,-2.9509,-2.9437,2.8931,-0.0019,-301.8487,0.0004,137.1548,2.008,2.011,6.973,447.8,456,242.2,454,1,0,5,5,0.6068,0.2,3.03,0.0032,0.0189,66,2,0.02246022968193151,0.021905456097885745,0.045031189918518066
3,67,25,233,233,-1,2.12,0.0,458.0,2.0004,1.9754,1.9756,0.0874,0.0877,0.3815,0.6789,0.6835,-0.2861,-0.0029,34.8107,0.001,-8.8184,2.008,1.983,2.121,476.2,460,0.0,458,2,1,25,25,0.3397,0.04,8.49,0.0032,0.0201,67,3,0.01599968388838169,0.012485662391567787,0.032091736793518066
3,68,5,228,228,-1,100.14,651.4,448.0,2.0004,1.9414,1.9333,0.0874,0.0872,-4.6404,-2.5091,-2.5044,2.6446,0.0049,8778.7588,-0.0013,1242.8507,2.008,1.949,100.135,908.7,450,651.4,448,1,0,5,5,0.6068,0.2,3.03,0.0032,0.0199,68,3,0.049372517693763496,0.04399083714415686,0.09902477264404297
3,72,5,232,232,-1,6.25,293.8,456.0,2.0004,1.9723,1.9712,0.0874,0.0878,-1.8219,2.6997,2.7044,1.8021,-0.0008,12.9889,0.0,32.3846,2.008,1.98,6.254,454.4,458,293.8,456,1,0,5,5,0.6068,0.2,3.03,0.0032,0.0195,72,3,0.015071363025191853,0.013938188172757715,0.03024423122406006
3,73,25,233,233,-1,1.65,0.0,458.0,2.0004,1.3577,1.3579,0.0874,0.0875,0.6396,2.861,2.8646,2.1258,0.0017,26.5122,0.0048,-19.4238,2.008,1.363,1.645,520.2,460,0.0,458,2,1,25,25,0.3397,0.04,8.49,0.0032,0.0205,73,2,0.07362518021535913,0.044970148755124395,0.10478782653808594
3,77,25,233,233,-1,2.0,0.0,458.0,2.0004,1.9961,1.996,0.0874,0.0865,0.0393,-0.9484,-0.9429,-0.5118,0.0019,-9.3586,-0.0076,1.1056,2.008,2.004,1.998,424.6,460,0.0,458,2,1,25,25,0.3397,0.04,8.49,0.0032,0.0201,77,1,0.00238064994417031,0.00238064994417031,0.004776716232299805
3,78,25,233,233,-1,2.0,0.0,458.0,2.0004,2.0004,2.0003,0.0874,0.0867,-0.0008,0.9448,0.9494,0.7606,0.0022,5.0019,-0.0016,2.4024,2.008,2.008,2.0,456.3,460,0.0,458,2,1,25,25,0.3397,0.04,8.49,0.0032,0.0201,78,1,8.796908623653898e-05,8.796908623653898e-05,0.00017642974853515625
3,80,25,234,234,-1,5.33,0.0,460.0,2.0004,1.9932,1.9954,0.0874,0.0871,1.6391,-1.0793,-1.0746,-1.4523,-0.0012,8.0648,-0.0011,-49.7315,2.008,2.001,5.332,581.9,462,0.0,460,2,1,25,25,0.3397,0.04,8.49,0.0032,0.0205,80,1,0.0748559300188717,0.0748559300188717,0.15010249614715576
3,83,25,234,234,-1,3.0,0.0,460.0,2.0004,1.9957,1.9965,0.0874,0.0868,0.9628,-1.84,-1.8347,-3.0466,0.0076,44.5535,-0.0063,-29.7936,2.008,2.003,2.996,469.8,462,0.0,460,2,1,25,25,0.3397,0.04,8.49,0.0032,0.0217,83,2,0.0037291720074486,0.002179768540653826,0.007482171058654785
3,87,25,233,233,-1,2.0,0.0,458.0,2.0004,2.0,2.0,0.0874,0.0879,-0.0064,1.4667,1.4709,0.0827,-0.0052,46.6783,-0.0,3.5511,2.008,2.008,2.0,456.7,460,0.0,458,2,1,25,25,0.3397,0.04,8.49,0.0032,0.0201,87,1,0.0008162880644881909,0.0008162880644881909,0.0016355514526367188
3,89,25,233,233,-1,2.0,0.0,458.0,2.0004,1.9983,1.9982,0.0874,0.0875,0.0294,-0.4553,-0.4504,-1.0723,0.003,9.6093,0.0042,1.0542,2.008,2.006,1.999,459.0,460,0.0,458,2,1,25,25,0.3397,0.04,8.49,0.0032,0.0201,89,1,0.00010940427767158756,0.00010940427767158756,0.00021958351135253906
3,95,25,233,233,-1,2.1,0.0,458.0,2.0004,2.0021,2.0023,0.0874,0.0874,0.3048,-0.0824,-0.077,0.0394,0.0011,-4.6447,0.0,-8.4551,2.008,2.01,2.096,488.5,460,0.0,458,2,1,25,25,0.3397,0.04,8.49,0.0032,0.0201,95,1,0.0019290646010700074,0.0019290646010700074,0.003867626190185547
3,96,25,235,235,-1,1.97,0.0,462.0,2.0004,1.9401,1.9402,0.0874,0.0878,0.1812,3.0711,3.0757,3.0805,0.0025,-0.3747,0.0017,-3.5976,2.008,1.948,1.972,480.8,464,0.0,462,2,1,25,25,0.3397,0.04,8.49,0.0032,0.0233,96,1,0.0008975799448545096,0.0008975799448545096,0.0017442703247070312
3,98,25,234,234,-1,2.03,0.0,460.0,2.0004,1.9905,1.9901,0.0874,0.0869,-0.1946,2.3004,2.3061,1.777,0.0012,8.3018,0.0044,4.2561,2.008,1.998,2.028,536.3,462,0.0,460,2,1,25,25,0.3397,0.04,8.49,0.0032,0.0217,98,2,0.005231827898677599,0.0031092508978775024,0.010495543479919434
3,99,25,233,233,-1,2.25,0.0,458.0,2.0004,2.0002,2.0006,0.0874,0.0874,0.493,1.683,1.687,2.2667,0.0016,-22.21,-0.0032,-15.2641,2.008,2.008,2.249,446.6,460,0.0,458,2,1,25,25,0.3397,0.04,8.49,0.0032,0.0201,99,1,0.00038722414889202916,0.00038722414889202916,0.0007760524749755859
4,2,25,233,233,-1,2.46,0.0,458.0,2.0004,2.0006,2.0012,0.0874,0.0855,0.668,2.3502,2.3542,1.2955,-0.0048,14.4351,-0.0026,-4.4148,2.008,2.008,2.464,464.8,460,0.0,458,2,1,25,25,0.3397,0.04,8.49,0.0032,0.0201,2,1,0.004463381190054294,0.004463381190054294,0.008949637413024902
4,4,25,233,233,-1,2.59,0.0,458.0,2.0004,1.9688,1.968,0.0874,0.0883,-0.7782,-0.8646,-0.8591,-1.8887,0.0001,19.7573,-0.0025,13.9485,2.008,1.976,2.595,491.7,460,0.0,458,2,1,25,25,0.3397,0.04,8.49,0.0032,0.0201,4,2,0.03099012332818807,0.029078949429973466,0.061191439628601074
4,5,25,233,233,-1,2.09,0.0,458.0,2.0004,1.9894,1.989,0.0874,0.0873,-0.3214,-1.972,-1.9673,-1.95,0.0013,-0.8475,-0.0003,16.116,2.008,1.997,2.093,543.2,460,0.0,458,2,1,25,25,0.3397,0.04,8.49,0.0032,0.0201,5,1,0.006743760400718779,0.006743760400718779,0.013527512550354004
4,8,25,233,233,-1,2.02,0.0,458.0,2.0004,2.0011,2.0012,0.0874,0.088,0.1357,-1.5051,-1.4999,2.9665,-0.002,57.993,-0.0018,0.8984,2.008,2.009,2.02,456.6,460,0.0,458,2,1,25,25,0.3397,0.04,8.49,0.0032,0.0201,8,1,0.0025204962055166424,0.0025204962055166424,0.005051851272583008
4,10,25,233,233,-1,2.0,0.0,458.0,2.0004,1.9729,1.973,0.0874,0.0868,0.1585,-2.9844,-2.9786,2.1441,0.0015,40.5215,0.007,-1.1657,2.008,1.98,1.998,456.1,460,0.0,458,2,1,25,25,0.3397,0.04,8.49,0.0032,0.0201,10,1,0.014649687886458151,0.014649687886458151,0.02939283847808838
4,11,25,234,234,-1,2.01,0.0,460.0,2.0004,2.0053,2.0052,0.0874,0.0873,0.0315,-0.9519,-0.9473,-1.5993,-0.0012,13.5288,-0.0067,1.3373,2.008,2.013,2.006,449.5,462,0.0,460,2,1,25,25,0.3397,0.04,8.49,0.0032,0.0217,11,1,2.3413787226478355e-05,2.3413787226478355e-05,4.696846008300781e-05
4,13,5,232,232,-1,61.37,258.6,456.0,2.0004,1.9988,1.9985,0.0874,0.0869,-4.1175,-0.4338,-0.4292,-1.6877,0.0028,15.7644,-0.0018,158.341,2.008,2.006,61.375,414.9,458,258.6,456,1,0,5,5,0.6068,0.2,3.03,0.0032,0.0195,13,1,3.4824375208519776e-05,3.4824375208519776e-05,6.985664367675781e-05
4,16,25,233,233,-1,2.42,0.0,458.0,2.0004,1.8998,1.9004,0.0874,0.0874,0.7232,0.1596,0.1633,-0.3205,0.0003,18.1203,-0.0013,-25.3687,2.008,1.907,2.419,619.2,460,0.0,458,2,1,25,25,0.3397,0.04,8.49,0.0032,0.0201,16,2,0.05563756687876975,0.05155777948536455,0.11161744594573975
4,24,25,233,233,-1,2.2,0.0,458.0,2.0004,1.9076,1.9081,0.0874,0.0871,0.5441,-1.1209,-1.1167,-3.0237,-0.0006,26.0137,0.0078,1.9307,2.008,1.915,2.198,522.2,460,0.0,458,2,1,25,25,0.3397,0.04,8.49,0.0032,0.0201,24,2,0.04858592866679068,0.048289373952547954,0.09751951694488525
4,26,25,233,233,-1,2.01,0.0,458.0,2.0004,1.9961,1.9961,0.0874,0.0872,0.1048,-0.9231,-0.9184,-2.0717,0.0042,21.4039,0.005,0.6516,2.008,2.004,2.007,505.0,460,0.0,458,2,1,25,25,0.3397,0.04,8.49,0.0032,0.0201,26,2,0.0009096735887693663,0.0009091981416436967,0.0018258094787597656
4,33,25,233,233,-1,1.99,0.0,458.0,2.0004,1.9795,1.9796,0.0874,0.0877,0.1086,-1.4778,-1.473,-0.8231,0.0037,-24.8835,-0.002,-0.477,2.008,1.987,1.991,463.9,460,0.0,458,2,1,25,25,0.3397,0.04,8.49,0.0032,0.0201,33,1,0.01001618165857665,0.01001618165857665,0.0200955867767334
4,34,5,232,232,-1,68.96,359.6,456.0,2.0004,1.9917,1.993,0.0874,0.0873,4.2369,1.5302,1.5346,-1.6007,-0.0002,-1097.2454,-0.0013,-240392.4844,2.008,1.999,68.964,524.0,458,359.6,456,1,0,5,5,0.6068,0.2,3.03,0.0032,0.0195,34,1,0.0003648083162978155,0.0003648083162978155,0.0007314682006835938
4,39,25,233,233,-1,2.98,0.0,458.0,2.0004,1.9252,1.9261,0.0874,0.0877,1.0015,2.9539,2.9582,-2.6619,-0.0017,-25.5524,-0.0018,-39.0524,2.008,1.933,2.975,478.1,460,0.0,458,2,1,25,25,0.3397,0.04,8.49,0.0032,0.0201,39,1,0.039919795367749034,0.039919795367749034,0.08014750480651855
4,42,5,233,233,-1,20.96,316.4,458.0,2.0004,2.0009,2.001,0.0874,0.0871,-3.04,-1.6055,-1.601,-1.3534,-0.001,-1206.9003,-0.002,588.9055,2.008,2.008,20.964,483.7,460,316.4,458,1,0,5,5,0.6068,0.2,3.03,0.0032,0.0199,42,1,0.000425276979912792,0.000425276979912792,0.0008528232574462891
4,44,25,234,234,-1,3.33,0.0,460.0,2.0004,1.9865,1.9876,0.0874,0.0876,1.1035,-2.1122,-2.1064,-2.5175,0.0005,10.8789,0.0046,-32.336,2.008,1.994,3.326,720.4,462,0.0,460,2,1,25,25,0.3397,0.04,8.49,0.0032,0.0205,44,2,0.016979871679674075,0.01680377569018432,0.03406047821044922
4,45,25,233,233,-1,1.21,0.0,458.0,2.0004,1.0368,1.0368,0.0874,0.0875,0.5698,-2.2915,-2.2929,2.3038,0.0279,34.4654,-0.0025,-2.8546,2.008,1.041,1.21,712.4,460,0.0,458,2,1,25,25,0.3397,0.04,8.49,0.0032,0.0201,45,1,0.0075086055524095086,0.0075086055524095086,0.0077784061431884766
4,46,25,233,233,-1,2.01,0.0,458.0,2.0004,1.997,1.9969,0.0874,0.0872,-0.0924,1.463,1.4681,-0.4691,0.0029,58.0033,0.0014,4.8772,2.008,2.005,2.005,449.6,460,0.0,458,2,1,25,25,0.3397,0.04,8.49,0.0032,0.0201,46,1,0.00011808513712441293,0.00011808513712441293,0.00023674964904785156
4,48,25,233,233,-1,2.15,0.0,458.0,2.0004,1.9996,1.9991,0.0874,0.0868,-0.3852,-1.7227,-1.7175,-2.7131,-0.001,36.1771,0.005,15.813,2.008,2.007,2.149,427.6,460,0.0,458,2,1,25,25,0.3397,0.04,8.49,0.0032,0.0201,48,1,1.3191564814274415e-05,1.3191564814274415e-05,2.6464462280273438e-05
4,51,25,233,233,-1,2.0,0.0,458.0,2.0004,2.0031,2.003,0.0874,0.0869,0.0101,2.397,2.4017,2.3898,-0.0017,0.1193,0.0003,1.281,2.008,2.011,2.003,509.7,460,0.0,458,2,1,25,25,0.3397,0.04,8.49,0.0032,0.0201,51,2,0.003227905597767866,0.0029018557060455086,0.006472110748291016
4,54,25,234,234,-1,2.05,0.0,460.0,2.0004,2.0011,2.0013,0.0874,0.0881,0.2222,2.0985,2.1035,2.6106,-0.0056,-10.8844,0.0002,-2.5373,2.008,2.009,2.051,438.2,462,0.0,460,2,1,25,25,0.3397,0.04,8.49,0.0032,0.0205,54,1,0.014763420164299657,0.014763420164299657,0.029605984687805176
4,60,25,233,233,-1,2.71,0.0,458.0,2.0004,1.9925,1.9932,0.0874,0.0873,0.8218,2.5133,2.5208,1.7665,-0.0043,11.2836,0.0001,-9.664,2.008,2.0,2.705,472.8,460,0.0,458,2,1,25,25,0.3397,0.04,8.49,0.0032,0.0201,60,1,0.008332573033129176,0.008332573033129176,0.016701221466064453
4,62,25,233,233,-1,2.33,0.0,458.0,2.0004,2.0002,1.9996,0.0874,0.0876,-0.5692,-1.4185,-1.4143,-2.604,0.0038,41.4659,-0.0037,20.2494,2.008,2.008,2.332,538.3,460,0.0,458,2,1,25,25,0.3397,0.04,8.49,0.0032,0.0201,62,1,0.08772019625713179,0.08772019625713179,0.1758960485458374
4,63,25,235,235,-1,2.31,0.0,462.0,2.0004,2.0009,2.0003,0.0874,0.0863,-0.551,0.5002,0.5054,-0.0622,-0.0003,20.7529,-0.0024,23.5915,2.008,2.008,2.312,501.0,464,0.0,462,2,1,25,25,0.3397,0.04,8.49,0.0032,0.0221,63,2,0.02186911072990705,0.012923967158148142,0.043845534324645996
4,65,5,232,232,-1,56.09,269.6,456.0,2.0004,1.9997,1.9999,0.0874,0.0869,4.0267,-2.9455,-2.9396,0.6185,0.0036,361.6103,0.0036,32.2326,2.008,2.007,56.09,406.7,458,269.6,456,1,0,5,5,0.6068,0.2,3.03,0.0032,0.0195,65,1,0.005870270221411955,0.005870270221411955,0.011767983436584473
4,66,25,233,233,-1,2.22,0.0,458.0,2.0004,2.0006,2.0001,0.0874,0.0877,-0.4633,-1.432,-1.4271,-1.7891,-0.0023,13.7039,-0.0033,21.4378,2.008,2.008,2.219,446.7,460,0.0,458,2,1,25,25,0.3397,0.04,8.49,0.0032,0.0201,66,1,7.509303324682026e-05,7.509303324682026e-05,0.00015044212341308594
4,69,25,233,233,-1,2.11,0.0,458.0,2.0004,1.8167,1.8171,0.0874,0.0876,0.5625,-0.9172,-0.9142,-2.9805,0.0147,25.8022,-0.0029,3.3614,2.008,1.824,2.112,750.4,460,0.0,458,2,1,25,25,0.3397,0.04,8.49,0.0032,0.0201,69,2,0.09513999708679777,0.09491756890173153,0.19092631340026855
4,72,25,233,233,-1,2.4,0.0,458.0,2.0004,1.9525,1.953,0.0874,0.0872,0.664,2.5674,2.5725,2.6361,0.0033,-1.1338,0.0094,-10.3576,2.008,1.96,2.4,487.1,460,0.0,458,2,1,25,25,0.3397,0.04,8.49,0.0032,0.0201,72,1,0.025155729538500093,0.025155729538500093,0.05046439170837402
4,73,25,233,233,-1,2.1,0.0,458.0,2.0004,1.9993,1.9989,0.0874,0.0876,-0.3155,-0.0609,-0.0559,-2.0229,0.0054,57.5233,0.0038,8.2242,2.008,2.007,2.099,452.2,460,0.0,458,2,1,25,25,0.3397,0.04,8.49,0.0032,0.0201,73,1,0.001165287275880722,0.001165287275880722,0.0023374557495117188
4,75,25,233,233,-1,2.03,0.0,458.0,2.0004,2.0026,2.0027,0.0874,0.0872,0.1509,2.7291,2.7342,1.8049,-0.0016,13.2552,-0.0034,-0.0705,2.008,2.01,2.026,440.9,460,0.0,458,2,1,25,25,0.3397,0.04,8.49,0.0032,0.0201,75,1,0.02252229710028042,0.02252229710028042,0.04517364501953125
4,78,25,233,233,-1,2.24,0.0,458.0,2.0004,1.9919,1.9922,0.0874,0.0884,0.4925,0.2573,0.264,-0.0187,0.0037,11.1784,0.0021,-16.8729,2.008,2.0,2.239,448.3,460,0.0,458,2,1,25,25,0.3397,0.04,8.49,0.0032,0.0201,78,1,0.005462723637619238,0.005462723637619238,0.010961651802062988
4,79,25,233,233,-1,1.86,0.0,458.0,2.0004,1.8566,1.8565,0.0874,0.0868,0.0367,2.5597,2.5648,1.188,0.0028,16.2651,0.0026,1.3327,2.008,1.864,1.858,452.9,460,0.0,458,2,1,25,25,0.3397,0.04,8.49,0.0032,0.0201,79,2,0.07265671003425134,0.06537015683437297,0.14586997032165527
4,80,25,233,233,-1,2.02,0.0,458.0,2.0004,1.9824,1.9825,0.0874,0.0882,0.19,-1.4044,-1.3994,-2.1672,0.0018,28.1137,-0.0121,-3.0511,2.008,1.99,2.018,532.1,460,0.0,458,2,1,25,25,0.3397,0.04,8.49,0.0032,0.0201,80,1,0.009821517966081328,0.009821517966081328,0.01971590518951416
4,83,25,234,234,-1,2.6,0.0,460.0,2.0004,2.0008,2.0015,0.0874,0.0873,0.7544,0.2162,0.2214,-0.4568,0.0052,24.6809,-0.0023,-24.9623,2.008,2.008,2.599,451.2,462,0.0,460,2,1,25,25,0.3397,0.04,8.49,0.0032,0.0217,83,1,0.0002493610420156722,0.0002493610420156722,0.0005006790161132812
4,84,5,232,232,-1,6.63,324.1,456.0,2.0004,1.7353,1.735,0.0874,0.0866,2.0157,0.7485,0.751,0.0066,0.0269,-904.9398,0.0003,-160.9596,2.008,1.742,6.627,703.3,458,324.1,456,1,0,5,5,0.6068,0.2,3.03,0.0032,0.0195,84,1,0.043067425013373906,0.043067425013373906,0.08645069599151611
4,85,25,233,233,-1,1.95,0.0,458.0,2.0004,1.8565,1.8566,0.0874,0.0871,0.3198,2.4556,2.4602,3.0539,0.0063,-9.3315,-0.001,-3.0161,2.008,1.864,1.952,549.5,460,0.0,458,2,1,25,25,0.3397,0.04,8.49,0.0032,0.0201,85,1,0.07309415181457624,0.07309415181457624,0.14671921730041504
4,87,25,233,233,-1,2.19,0.0,458.0,2.0004,1.9827,1.983,0.0874,0.0878,0.4501,-0.3852,-0.3809,-1.8676,0.0031,16.5216,0.003,0.7983,2.008,1.99,2.187,446.1,460,0.0,458,2,1,25,25,0.3397,0.04,8.49,0.0032,0.0201,87,1,0.00850548836184195,0.00850548836184195,0.017076849937438965
4,95,25,233,233,-1,3.35,0.0,458.0,2.0004,1.8962,1.8973,0.0874,0.0879,1.17,0.5517,0.5569,0.1935,0.0056,14.2376,-0.0025,-53.3665,2.008,1.903,3.351,696.0,460,0.0,458,2,1,25,25,0.3397,0.04,8.49,0.0032,0.0201,95,1,0.057169798946998696,0.057169798946998696,0.11472773551940918
4,96,25,233,233,-1,1.86,0.0,458.0,2.0004,1.8597,1.8596,0.0874,0.0871,0.0497,-0.7298,-0.7256,-2.0675,0.0102,16.1452,0.0074,1.2642,2.008,1.867,1.862,852.4,460,0.0,458,2,1,25,25,0.3397,0.04,8.49,0.0032,0.0201,96,1,0.0028462677510152634,0.0028462677510152634,0.005301833152770996
4,98,25,233,233,-1,2.01,0.0,458.0,2.0004,1.9993,1.9993,0.0874,0.087,0.1128,0.3803,0.3849,-2.3435,-0.0016,67.7053,-0.0,2.5731,2.008,2.007,2.012,537.8,460,0.0,458,2,1,25,25,0.3397,0.04,8.49,0.0032,0.0201,98,1,1.6656686535276854e-05,1.6656686535276854e-05,3.337860107421875e-05
4,99,25,233,233,-1,2.01,0.0,458.0,2.0004,1.998,1.998,0.0874,0.0882,0.1067,-0.0604,-0.0557,0.5269,0.0012,-21.7312,-0.0002,-0.4405,2.008,2.006,2.009,423.2,460,0.0,458,2,1,25,25,0.3397,0.04,8.49,0.0032,0.0201,99,1,0.0027821522933620946,0.0027821522933620946,0.005580902099609375
5,0,25,233,233,-1,1.96,0.0,458.0,2.0004,1.9284,1.9285,0.0874,0.0874,0.185,-2.8428,-2.8379,-2.5779,-0.0007,-10.5544,0.001,-3.8683,2.008,1.936,1.962,529.7,460,0.0,458,2,1,25,25,0.3397,0.04,8.49,0.0032,0.0201,0,2,0.005145021265257843,0.004492082561969202,0.010328531265258789
5,1,5,232,232,-1,10.86,233.0,456.0,2.0004,2.0012,2.001,0.0874,0.0866,2.3757,0.8562,0.8615,-2.6232,-0.0042,300.179,-0.0062,18.6044,2.008,2.009,10.857,428.3,458,233.0,456,1,0,5,5,0.6068,0.2,3.03,0.0032,0.0185,1,1,0.041340116093389945,0.041340116093389945,0.082863450050354
5,4,25,233,233,-1,2.11,0.0,458.0,2.0004,1.9548,1.9543,0.0874,0.0871,-0.3917,0.5408,0.5446,-0.51,0.0087,39.4763,0.0,16.3574,2.008,1.962,2.106,479.6,460,0.0,458,2,1,25,25,0.3397,0.04,8.49,0.0032,0.0201,4,1,0.02415224185920528,0.02415224185920528,0.04847252368927002
5,5,5,232,232,-1,82.07,392.2,456.0,2.0004,1.9898,1.9891,0.0874,0.0871,4.4129,3.1401,-3.1359,-2.0506,-0.0019,-779.4312,-0.0029,-1449.8331,2.008,1.997,82.072,658.5,458,392.2,456,1,0,5,5,0.6068,0.2,3.03,0.0032,0.0195,5,1,0.0038538577981410693,0.0038538577981410693,0.007718443870544434
5,6,25,233,233,-1,1.99,0.0,458.0,2.0004,1.9592,1.959,0.0874,0.0875,-0.1712,-2.1572,-2.1525,-1.8545,-0.0012,-8.1733,-0.0028,6.9624,2.008,1.967,1.988,483.2,460,0.0,458,2,1,25,25,0.3397,0.04,8.49,0.0032,0.0201,6,4,0.024131876823190512,0.02086112316700095,0.04836893081665039
5,7,25,233,233,-1,2.04,0.0,458.0,2.0004,2.0002,2.0003,0.0874,0.0878,0.208,0.2058,0.2104,-0.1834,-0.0017,14.6066,0.0044,-4.3565,2.008,2.008,2.044,454.3,460,0.0,458,2,1,25,25,0.3397,0.04,8.49,0.0032,0.0201,7,1,1.2959195417105995e-05,1.2959195417105995e-05,2.5987625122070312e-05
5,8,25,233,233,-1,2.0,0.0,458.0,2.0004,1.9847,1.9845,0.0874,0.0877,-0.1332,-0.7656,-0.7614,-2.6826,0.0003,15.5699,0.0015,0.6962,2.008,1.992,2.002,417.7,460,0.0,458,2,1,25,25,0.3397,0.04,8.49,0.0032,0.0201,8,1,0.008502858641876054,0.008502858641876054,0.017063140869140625
5,14,5,232,232,-1,10.16,462.4,456.0,2.0004,1.957,1.9508,0.0874,0.0876,-2.3337,2.2292,2.2342,2.3224,0.0092,4441.3726,0.0008,146.0956,2.008,1.964,10.156,688.0,458,462.4,456,1,0,5,5,0.6068,0.2,3.03,0.0032,0.0195,14,1,0.031141486127998608,0.031141486127998608,0.06244981288909912
5,16,25,233,233,-1,2.16,0.0,458.0,2.0004,2.0003,2.0006,0.0874,0.0878,0.3937,-0.4505,-0.4456,-0.9169,-0.0023,7.4604,0.0021,-4.5153,2.008,2.008,2.158,426.3,460,0.0,458,2,1,25,25,0.3397,0.04,8.49,0.0032,0.0201,16,1,0.0013389250161605082,0.0013389250161605082,0.0026874542236328125
5,21,5,38,38,-1,4.76,0.0,68.0,2.0004,1.9694,1.9713,0.0874,0.0876,1.5287,-2.6936,-2.6886,-0.1522,-0.0023,-63.965,-0.0006,-13.3715,2.008,1.977,4.76,87.9,70,0.0,68,1,0,5,5,0.5598,0.2,2.8,0.0032,0.0118,21,2,0.05854259054409028,0.05688907864945936,0.11743569374084473
5,23,5,233,233,-1,27.65,355.6,458.0,2.0004,1.9728,1.9725,0.0874,0.0876,-3.3322,-1.5639,-1.557,-0.3675,0.001,201.646,0.0028,380.7804,2.008,1.98,27.65,485.7,460,355.6,458,1,0,5,5,0.6068,0.2,3.03,0.0032,0.0199,23,1,0.013758775630660747,0.013758775630660747,0.02762162685394287
5,24,25,233,233,-1,2.16,0.0,458.0,2.0004,1.9907,1.9903,0.0874,0.0874,-0.4076,-0.2446,-0.2395,-2.0771,-0.0033,59.812,-0.0031,11.7523,2.008,1.998,2.158,484.4,460,0.0,458,2,1,25,25,0.3397,0.04,8.49,0.0032,0.0201,24,1,0.002831410137495771,0.002831410137495771,0.0056841373443603516
5,25,25,233,233,-1,1.96,0.0,458.0,2.0004,1.8531,1.8533,0.0874,0.0877,0.3419,-1.8794,-1.8742,-2.0363,0.0035,5.9094,0.0074,-9.8124,2.008,1.86,1.963,446.2,460,0.0,458,2,1,25,25,0.3397,0.04,8.49,0.0032,0.0201,25,3,0.07299408961713394,0.054131205690602036,0.14655792713165283
5,30,25,233,233,-1,1.98,0.0,458.0,2.0004,1.9354,1.9355,0.0874,0.0873,0.2216,2.9434,2.947,2.4471,0.0081,19.3369,0.0013,-4.9167,2.008,1.943,1.983,405.4,460,0.0,458,2,1,25,25,0.3397,0.04,8.49,0.0032,0.0201,30,2,0.03202794001354692,0.031914226247152344,0.06426990032196045
5,35,25,233,233,-1,1.92,0.0,458.0,2.0004,1.877,1.8771,0.0874,0.0869,0.2106,-1.5192,-1.5153,-3.1183,0.0058,53.8722,0.0071,-1.3291,2.008,1.884,1.919,458.5,460,0.0,458,2,1,25,25,0.3397,0.04,8.49,0.0032,0.0201,35,1,0.0625661793522796,0.0625661793522796,0.12560510635375977
5,37,5,232,232,-1,54.03,247.7,456.0,2.0004,2.0015,2.0016,0.0874,0.0875,-3.9884,-2.0821,-2.0768,-2.4972,-0.0018,346.971,-0.0028,645.6815,2.008,2.009,54.029,441.3,458,247.7,456,1,0,5,5,0.6068,0.2,3.03,0.0032,0.0185,37,2,0.07365715912766935,0.07338570785182397,0.14767003059387207
5,38,25,233,233,-1,2.31,0.0,458.0,2.0004,1.9209,1.9213,0.0874,0.0873,0.6222,2.2576,2.2625,-0.2652,0.0084,23.2771,-0.0036,7.2528,2.008,1.928,2.305,620.1,460,0.0,458,2,1,25,25,0.3397,0.04,8.49,0.0032,0.0201,38,2,0.0015872723154571888,0.00107522871955823,0.003094315528869629
5,39,25,234,234,-1,2.5,0.0,460.0,2.0004,1.9883,1.9888,0.0874,0.087,0.7014,-0.3478,-0.3434,-1.1992,0.0075,12.487,0.0066,-6.8241,2.008,1.996,2.498,476.7,462,0.0,460,2,1,25,25,0.3397,0.04,8.49,0.0032,0.0217,39,1,0.004144308582238687,0.004144308582238687,0.008320331573486328
5,41,25,233,233,-1,2.25,0.0,458.0,2.0004,1.9947,1.9942,0.0874,0.0875,-0.4968,1.4629,1.4672,0.6794,-0.0077,28.9231,0.0047,20.7446,2.008,2.002,2.245,488.7,460,0.0,458,2,1,25,25,0.3397,0.04,8.49,0.0032,0.0201,41,1,0.0014391004885530023,0.0014391004885530023,0.0028886795043945312
5,42,5,225,225,-1,0.82,0.0,442.0,2.0004,0.822,0.8217,0.0874,0.0834,0.064,0.0521,0.4189,-1.0513,0.0004,593.342,0.0149,43.8122,2.008,0.825,0.823,487.8,444,0.0,442,1,0,5,5,0.5598,0.2,2.8,0.0032,0.0127,42,1,0.00024197681607540655,0.00024197681607540655,0.00019943714141845703
5,43,25,234,234,-1,2.18,0.0,460.0,2.0004,1.999,1.9992,0.0874,0.0877,0.4248,-0.5417,-0.5364,-0.2403,0.0025,-4.9052,0.0012,-5.485,2.008,2.007,2.182,437.2,462,0.0,460,2,1,25,25,0.3397,0.04,8.49,0.0032,0.0205,43,2,0.0011106939478435773,0.0010148442676639613,0.0022270679473876953
5,46,25,233,233,-1,2.0,0.0,458.0,2.0004,2.0019,2.0018,0.0874,0.0885,-0.0195,-1.7963,-1.791,2.6819,-0.001,58.7076,-0.0027,3.9524,2.008,2.01,2.002,456.2,460,0.0,458,2,1,25,25,0.3397,0.04,8.49,0.0032,0.0201,46,1,8.01625515763904e-05,8.01625515763904e-05,0.00016069412231445312
5,50,5,231,231,-1,135.22,709.1,454.0,2.0004,1.9452,1.9378,0.0874,0.0873,-4.9385,-2.4726,-2.4682,-0.5399,0.006,6851.6172,-0.0028,1447.1287,2.008,1.953,135.224,1015.9,456,709.1,454,1,0,5,5,0.6068,0.2,3.03,0.0032,0.0184,50,2,0.013985989166426127,0.012925228085438278,0.02806401252746582
5,51,25,233,233,-1,2.43,0.0,458.0,2.0004,1.9935,1.9928,0.0874,0.0872,-0.6505,-1.89,-1.8848,-1.853,-0.0029,-1.3798,0.003,29.8164,2.008,2.001,2.43,503.3,460,0.0,458,2,1,25,25,0.3397,0.04,8.49,0.0032,0.0201,51,2,0.0015962049975064563,0.0008993946533039088,0.003201007843017578
5,59,25,233,233,-1,2.0,0.0,458.0,2.0004,1.9986,1.9985,0.0874,0.0883,0.012,1.2646,1.2701,0.3433,0.0027,32.875,0.0034,2.9738,2.008,2.006,1.999,493.0,460,0.0,458,2,1,25,25,0.3397,0.04,8.49,0.0032,0.0201,59,1,5.336998785687719e-05,5.336998785687719e-05,0.00010704994201660156
5,60,25,233,233,-1,2.04,0.0,458.0,2.0004,1.9994,1.9991,0.0874,0.088,-0.2066,1.7086,1.7137,1.2995,-0.0038,15.6574,0.0068,11.1558,2.008,2.007,2.042,456.8,460,0.0,458,2,1,25,25,0.3397,0.04,8.49,0.0032,0.0201,60,1,3.3287855781827247e-06,3.3287855781827247e-06,6.67572021484375e-06
5,63,25,233,233,-1,2.04,0.0,458.0,2.0004,2.0005,2.0006,0.0874,0.0877,0.2025,2.7107,2.7153,2.3958,-0.0037,5.1401,-0.0021,-1.7603,2.008,2.008,2.042,490.0,460,0.0,458,2,1,25,25,0.3397,0.04,8.49,0.0032,0.0201,63,1,0.0006932718654454328,0.0006932718654454328,0.0013914108276367188
5,67,25,234,234,-1,2.04,0.0,460.0,2.0004,1.9961,1.9958,0.0874,0.0877,-0.2067,-0.3643,-0.3596,-0.922,0.0089,8.7869,-0.0023,4.3708,2.008,2.004,2.039,494.2,462,0.0,460,2,1,25,25,0.3397,0.04,8.49,0.0032,0.0217,67,1,0.0017431997687928913,0.0017431997687928913,0.0034987926483154297
5,69,25,232,232,-1,4.13,0.0,456.0,2.0004,1.9492,1.9506,0.0874,0.0869,1.3827,-0.611,-0.6071,-2.3426,0.0061,16.3578,0.0038,6.5087,2.008,1.957,4.132,914.5,458,0.0,456,2,1,25,25,0.3397,0.04,8.49,0.0032,0.02,69,1,0.03738137940651276,0.03738137940651276,0.07497131824493408
5,71,25,233,233,-1,2.17,0.0,458.0,2.0004,1.9275,1.9278,0.0874,0.0878,0.4971,-0.4554,-0.4511,-0.4831,0.0023,0.4578,-0.0068,-7.1351,2.008,1.935,2.171,534.4,460,0.0,458,2,1,25,25,0.3397,0.04,8.49,0.0032,0.0201,71,2,0.0381438263991879,0.028296596361885862,0.07654666900634766
5,73,25,234,234,-1,1.93,0.0,460.0,2.0004,1.8047,1.8049,0.0874,0.0879,0.3679,-1.216,-1.2127,-1.6668,0.0074,17.4004,-0.0035,-10.6602,2.008,1.812,1.928,586.5,462,0.0,460,2,1,25,25,0.3397,0.04,8.49,0.0032,0.0217,73,1,0.08800837219416724,0.08800837219416724,0.1736832857131958
5,75,25,234,234,-1,3.63,0.0,460.0,2.0004,1.8485,1.8495,0.0874,0.0876,1.2966,-0.6591,-0.6554,-1.6576,0.0061,13.951,0.0017,-13.6503,2.008,1.856,3.635,799.7,462,0.0,460,2,1,25,25,0.3397,0.04,8.49,0.0032,0.0217,75,1,0.07731811524612842,0.07731811524612842,0.15507888793945312
5,80,25,234,234,-1,2.16,0.0,460.0,2.0004,1.9758,1.9762,0.0874,0.0865,0.4237,-2.7495,-2.7443,2.9388,0.0084,22.4989,0.0039,-12.2616,2.008,1.983,2.156,535.4,462,0.0,460,2,1,25,25,0.3397,0.04,8.49,0.0032,0.0217,80,1,0.014202411179580765,0.014202411179580765,0.028485655784606934
5,81,25,233,233,-1,2.0,0.0,458.0,2.0004,2.0011,2.0009,0.0874,0.0865,-0.0156,2.5451,2.5504,2.6113,-0.0051,-1.0993,0.0014,1.7104,2.008,2.009,2.001,520.9,460,0.0,458,2,1,25,25,0.3397,0.04,8.49,0.0032,0.0201,81,2,0.0015112106765776678,0.001174303761480311,0.0030312538146972656
5,83,25,233,233,-1,2.39,0.0,458.0,2.0004,1.9974,1.9979,0.0874,0.0869,0.6129,-1.4172,-1.4134,-1.1858,-0.0045,-8.9099,-0.001,-21.5088,2.008,2.005,2.385,450.5,460,0.0,458,2,1,25,25,0.3397,0.04,8.49,0.0032,0.0201,83,1,0.0017975118689036451,0.0017975118689036451,0.003605365753173828
5,84,25,233,233,-1,2.0,0.0,458.0,2.0004,1.9916,1.9917,0.0874,0.087,0.1125,-2.4609,-2.4559,-1.967,-0.0035,-18.6356,-0.0014,-0.7706,2.008,1.999,2.004,544.2,460,0.0,458,2,1,25,25,0.3397,0.04,8.49,0.0032,0.0201,84,1,0.00446277686163199,0.00446277686163199,0.008959531784057617
5,85,25,233,233,-1,2.18,0.0,458.0,2.0004,2.0016,2.0019,0.0874,0.0877,0.4184,0.1829,0.1878,1.3172,0.002,-39.4102,-0.0052,-9.0585,2.008,2.009,2.18,447.4,460,0.0,458,2,1,25,25,0.3397,0.04,8.49,0.0032,0.0201,85,1,4.876238103612707e-05,4.876238103612707e-05,9.775161743164062e-05
5,86,5,233,233,-1,5.64,353.2,458.0,2.0004,1.9812,1.981,0.0874,0.0869,-1.7074,-0.0291,-0.0233,3.0202,-0.0018,-1790.2244,0.0017,-175.0803,2.008,1.989,5.642,478.3,460,353.2,458,1,0,5,5,0.6068,0.2,3.03,0.0032,0.0199,86,1,0.00951773694171909,0.00951773694171909,0.019096851348876953
5,88,25,233,233,-1,5.57,0.0,458.0,2.0004,1.9899,1.9921,0.0874,0.0884,1.6875,-1.1533,-1.1495,-1.6414,0.0099,10.4186,0.0026,-50.3795,2.008,1.998,5.569,472.2,460,0.0,458,2,1,25,25,0.3397,0.04,8.49,0.0032,0.0201,88,3,0.024047381817155156,0.022496214424703287,0.04821634292602539
5,91,25,234,234,-1,2.1,0.0,460.0,2.0004,1.9954,1.9956,0.0874,0.087,0.3148,1.0059,1.0115,0.3731,0.0025,16.6031,0.0046,-5.3019,2.008,2.003,2.095,506.9,462,0.0,460,2,1,25,25,0.3397,0.04,8.49,0.0032,0.0217,91,1,0.03006995745233909,0.03006995745233909,0.06023669242858887
5,93,5,233,233,-1,5.18,276.6,458.0,2.0004,1.9995,1.9995,0.0874,0.0873,1.6057,-1.5642,-1.5575,2.699,0.0054,-798.5615,0.0002,-6.7704,2.008,2.007,5.181,422.2,460,276.6,458,1,0,5,5,0.6068,0.2,3.03,0.0032,0.0199,93,1,0.012465365563460895,0.012465365563460895,0.02499854564666748
5,95,5,232,232,-1,21.86,323.7,456.0,2.0004,2.0038,2.0033,0.0874,0.0873,3.081,-2.4327,-2.4278,3.1226,0.0023,544.3177,0.0052,-320.0185,2.008,2.011,21.863,490.7,458,323.7,456,1,0,5,5,0.6068,0.2,3.03,0.0032,0.0195,95,1,0.00028970923068338816,0.00028970923068338816,0.0005805492401123047
5,98,25,233,233,-1,2.02,0.0,458.0,2.0004,1.993,1.993,0.0874,0.0867,0.1509,0.9769,0.9817,-1.5899,0.0029,36.4807,-0.004,2.8475,2.008,2.0,2.016,532.0,460,0.0,458,2,1,25,25,0.3397,0.04,8.49,0.0032,0.0201,98,2,0.08322141189786914,0.08002082220013496,0.16690218448638916
